,wage,lwage,exper,union,goodhlth,black,female,married,south,bigcity,smllcity,service,expersq,educ,looks
1,5.730000019,1.745715499,30,0,1,0,1,1,0,0,1,1,900,14,Above average
2,4.28000021,1.453953028,28,0,1,0,1,1,1,0,1,0,784,12,Average
3,7.960000038,2.074429035,35,0,1,0,1,0,0,0,1,0,1225,10,Above average
4,11.56999969,2.448415518,38,0,1,0,0,1,0,1,0,1,1444,16,Average
5,11.42000008,2.435366154,27,0,1,0,0,1,0,0,1,0,729,16,Average
6,3.910000086,1.363537431,20,0,0,0,1,1,0,1,0,0,400,12,Average
7,8.760000229,2.170195818,12,0,1,0,0,1,0,1,0,0,144,16,Average
8,7.690000057,2.039920807,5,1,1,0,0,0,0,0,1,0,25,16,Above average
9,5,1.609437943,5,0,1,0,1,0,0,0,0,0,25,16,Average
10,3.890000105,1.358409166,12,0,1,0,1,0,0,0,1,0,144,12,Average
11,3.450000048,1.238374233,3,0,1,0,1,0,0,1,0,0,9,12,Above average
12,4.03000021,1.393766403,6,0,1,0,0,1,0,0,1,0,36,16,Above average
13,5.139999866,1.637053013,19,0,1,0,0,1,0,0,1,1,361,17,below average
14,3,1.098612309,8,0,1,0,0,0,0,0,1,1,64,16,Average
15,7.989999771,2.078190804,12,0,1,0,0,1,0,0,0,0,144,16,Above average
16,6.010000229,1.793424845,17,0,1,0,0,1,0,0,1,0,289,16,Above average
17,5.159999847,1.640936494,7,0,1,0,0,1,0,0,0,0,49,17,Average
18,11.53999996,2.445819139,12,0,1,0,0,1,1,0,1,1,144,17,Above average
19,10.43999958,2.345644474,10,0,1,0,1,0,0,1,0,0,100,17,Above average
20,7.690000057,2.039920807,7,0,1,0,1,1,0,0,0,1,49,16,Average
21,7.690000057,2.039920807,7,1,1,0,0,0,0,0,1,0,49,17,Above average
22,6.789999962,1.915450931,19,0,1,0,0,1,0,0,1,1,361,14,Average
23,6.869999886,1.927164078,33,0,1,0,0,1,0,1,0,1,1089,12,Average
24,17.03000069,2.834976435,32,0,1,0,0,1,0,1,0,0,1024,13,Average
25,10.05000019,2.307572603,12,0,1,0,0,1,0,1,0,0,144,13,Above average
26,15.81000042,2.760642767,24,0,1,0,0,1,1,0,1,1,576,17,Above average
27,14.84000015,2.697326183,29,0,1,0,0,0,1,1,0,1,841,13,handsome
28,19.07999992,2.948640585,17,0,1,0,0,0,0,1,0,0,289,17,handsome
29,8.350000381,2.122261524,41,0,0,0,0,1,1,1,0,1,1681,16,homely
30,9.619999886,2.263844252,40,0,0,0,0,1,0,0,1,0,1600,16,Average
31,5.960000038,1.785070539,10,0,1,0,0,1,0,0,1,0,100,14,Average
32,5.730000019,1.745715499,43,0,0,0,0,1,0,0,1,0,1849,10,Average
33,6.730000019,1.906575203,41,0,1,0,0,1,0,0,1,0,1681,10,Above average
34,8.170000076,2.100468874,18,0,1,0,0,1,0,0,1,0,324,16,below average
35,12.39000034,2.516889811,28,0,1,0,0,1,0,1,0,0,784,12,Above average
36,9.619999886,2.263844252,37,0,1,0,0,1,0,1,0,0,1369,13,below average
37,4.829999924,1.574846506,20,0,1,1,0,1,0,0,1,0,400,16,Above average
38,7.690000057,2.039920807,10,1,1,0,0,1,0,0,1,0,100,13,below average
39,12.5,2.525728703,31,0,1,0,0,1,1,0,1,0,961,16,Average
40,2.819999933,1.036736846,18,0,1,0,0,1,0,0,0,1,324,12,Average
41,12.31000042,2.510411978,9,1,1,0,0,0,0,1,0,0,81,17,Average
42,13.22000027,2.581730843,42,0,1,0,0,1,0,1,0,0,1764,16,Average
43,16.82999992,2.823163033,14,0,1,0,0,1,1,1,0,0,196,16,Above average
44,11.53999996,2.445819139,27,0,1,0,0,1,0,1,0,0,729,16,Average
45,4.949999809,1.599387527,20,0,1,1,1,0,1,1,0,1,400,14,Average
46,7.210000038,1.975468993,14,0,1,0,0,1,0,1,0,0,196,17,Average
47,11.57999992,2.449279547,4,0,1,0,0,1,0,1,0,0,16,17,Average
48,15.38000011,2.733067989,13,0,1,0,0,1,0,1,0,0,169,17,Average
49,6.099999905,1.808288813,5,0,1,0,0,1,0,0,1,1,25,17,Average
50,7.929999828,2.070652962,32,0,1,0,0,1,0,1,0,1,1024,17,Average
51,9.159999847,2.214846134,19,1,1,0,1,1,0,1,0,1,361,17,Above average
52,6.909999847,1.93296957,14,0,1,0,1,0,1,1,0,1,196,17,Above average
53,20.18000031,3.004692078,28,0,1,0,0,1,0,1,0,1,784,17,Average
54,9.930000305,2.295560598,31,1,1,0,0,1,1,0,1,0,961,17,Average
55,7.789999962,2.052840948,18,0,1,0,0,1,0,0,1,0,324,13,Above average
56,5.130000114,1.635105729,23,0,1,0,0,1,0,0,0,1,529,5,Average
57,10.98999977,2.396985769,14,0,1,0,0,1,1,0,1,0,196,16,Above average
58,6.559999943,1.880990624,17,0,1,0,0,1,0,0,1,0,289,13,below average
59,10.10000038,2.312535524,16,0,1,0,0,1,0,1,0,0,256,13,Average
60,10.73999977,2.373975039,19,0,1,0,0,1,0,0,0,0,361,16,Average
61,16.35000038,2.794227839,26,0,1,0,0,1,0,1,0,0,676,17,Average
62,4.619999886,1.530394673,20,0,1,0,1,1,1,0,1,1,400,12,Above average
63,7.489999771,2.013568878,18,0,1,0,0,1,0,0,0,0,324,17,Average
64,19.22999954,2.956471443,35,0,1,0,0,1,0,1,0,0,1225,17,Average
65,4.769999981,1.562346339,9,0,1,0,1,0,1,0,1,1,81,17,Above average
66,7.139999866,1.965712786,20,0,1,0,1,0,0,1,0,1,400,17,below average
67,14.42000008,2.668616056,7,0,1,0,0,1,1,0,0,1,49,17,Above average
68,9.279999733,2.227861404,40,0,1,0,0,0,1,0,0,1,1600,17,Above average
69,29.97999954,3.400530577,12,0,1,0,0,1,0,0,1,1,144,17,Average
70,32.79000092,3.49012351,33,0,1,0,0,1,0,0,1,1,1089,16,Above average
71,9.619999886,2.263844252,16,0,1,0,0,1,0,0,1,0,256,16,Average
72,8.359999657,2.123458385,15,0,1,0,1,1,0,1,0,0,225,16,Average
73,21.62999916,3.074081182,11,0,1,0,0,1,0,0,1,1,121,17,Average
74,15.89999962,2.766319036,24,0,1,0,0,1,0,0,1,1,576,17,Above average
75,5.769999981,1.752672076,6,0,1,0,0,1,1,1,0,1,36,17,below average
76,20.98999977,3.044046164,40,0,1,0,0,1,1,1,0,1,1600,17,below average
77,23.31999969,3.149311304,15,0,1,0,0,1,1,0,0,1,225,17,handsome
78,4.96999979,1.603419781,9,0,1,0,0,1,0,0,1,1,81,17,Above average
79,6.889999866,1.930071115,16,0,1,0,0,1,1,0,0,0,256,17,below average
80,5.730000019,1.745715499,12,0,1,0,1,0,1,1,0,1,144,13,below average
81,5.190000057,1.646733761,8,0,1,0,0,1,0,0,1,1,64,17,Average
82,7.789999962,2.052840948,25,1,1,0,1,0,0,0,1,1,625,17,Average
83,8.789999962,2.17361474,24,1,1,0,1,1,0,0,0,1,576,16,Average
84,9.319999695,2.232162714,25,1,1,0,1,0,1,0,1,0,625,17,Above average
85,8.329999924,2.11986351,7,0,1,0,1,0,1,1,0,1,49,17,Above average
86,10.11999989,2.314513683,40,0,1,1,1,0,0,0,1,1,1600,10,Average
87,1.980000019,0.683096826,29,0,0,0,1,0,0,0,0,1,841,8,Average
88,8.239999771,2.109000206,13,0,1,0,1,1,0,1,0,1,169,17,Above average
89,5.050000191,1.619388223,5,0,1,0,1,0,0,0,0,1,25,14,Above average
90,6.550000191,1.879465103,10,0,1,0,1,1,0,0,0,0,100,16,Average
91,4.46999979,1.497388363,25,1,1,0,0,1,0,0,0,1,625,13,Average
92,7.960000038,2.074429035,10,0,1,0,1,1,0,1,0,1,100,16,Average
93,6.25,1.83258152,20,0,1,0,0,0,0,0,0,1,400,17,below average
94,4.130000114,1.418277383,7,0,1,0,0,0,0,0,0,0,49,16,Average
95,6.730000019,1.906575203,25,0,1,0,1,1,1,0,0,1,625,13,below average
96,7.690000057,2.039920807,8,0,1,0,1,0,0,0,1,1,64,17,Average
97,4.349999905,1.470175862,8,0,1,0,1,1,0,0,1,1,64,14,below average
98,7.690000057,2.039920807,28,0,1,0,0,1,0,0,1,0,784,14,Average
99,4.809999943,1.570697069,37,0,1,0,0,1,1,0,1,1,1369,16,below average
100,5.239999771,1.656321406,31,0,1,0,0,1,0,0,0,1,961,17,Average
101,2.140000105,0.760805905,24,0,1,0,0,1,0,0,0,1,576,16,Above average
102,4.489999771,1.501852632,33,0,1,0,0,1,0,0,0,1,1089,17,Above average
103,3.609999895,1.283707738,8,0,1,0,0,1,0,0,1,1,64,17,Above average
104,5.449999809,1.69561553,33,0,1,0,0,1,0,0,1,1,1089,17,Average
105,5,1.609437943,30,0,1,0,0,1,0,0,0,1,900,17,Average
106,6.730000019,1.906575203,23,0,1,0,0,1,0,0,1,1,529,17,Average
107,10.05000019,2.307572603,24,0,1,0,0,1,0,0,0,0,576,16,Average
108,6.539999962,1.877937198,4,0,1,0,0,1,0,0,1,0,16,17,Above average
109,9.199999809,2.219203472,40,0,1,0,1,0,0,0,0,1,1600,17,Average
110,4.619999886,1.530394673,1,0,1,0,1,0,0,0,1,1,1,16,Average
111,3.369999886,1.214912653,36,0,1,1,1,0,0,1,0,1,1296,13,Average
112,5.539999962,1.711994529,7,0,1,0,1,0,0,0,1,1,49,17,Above average
113,6.110000134,1.809926748,7,0,1,0,1,1,0,0,0,0,49,12,handsome
114,4.989999771,1.607435822,14,0,1,0,1,0,0,0,1,1,196,13,Average
115,5.880000114,1.771556735,7,0,1,0,1,1,0,0,1,1,49,17,Average
116,5.659999847,1.733423829,11,1,1,0,1,0,1,0,1,1,121,16,Above average
117,4,1.386294365,6,0,1,0,0,1,0,0,1,1,36,16,Average
118,6.869999886,1.927164078,23,0,1,0,1,1,0,0,0,1,529,16,Average
119,4.369999886,1.474763036,19,0,1,0,1,0,0,0,0,1,361,17,below average
120,5.769999981,1.752672076,30,0,1,0,0,1,1,0,1,0,900,13,Average
121,5.769999981,1.752672076,21,0,1,0,0,1,1,0,0,1,441,17,Above average
122,12.31000042,2.510411978,9,0,1,0,0,1,0,1,0,1,81,17,Above average
123,19.07999992,2.948640585,29,1,1,0,0,1,1,0,1,1,841,17,Average
124,7.550000191,2.021547556,9,0,1,0,1,0,0,0,0,1,81,17,Average
125,5.900000095,1.774952412,18,0,1,0,1,0,0,0,0,1,324,17,Above average
126,6.369999886,1.851599455,26,0,1,0,1,0,1,0,0,1,676,17,Average
127,6.150000095,1.816452146,21,1,1,0,0,1,0,0,0,1,441,17,Above average
128,1.919999957,0.652325153,12,1,1,0,1,1,1,0,1,1,144,17,below average
129,3.269999981,1.184790015,11,0,1,0,0,0,0,0,1,1,121,17,Average
130,2.180000067,0.779324889,18,0,1,0,0,0,0,0,1,1,324,17,Above average
131,5.619999886,1.726331592,22,0,1,0,0,1,0,0,1,1,484,17,Average
132,9.289999962,2.22893858,38,0,1,0,1,0,0,0,0,1,1444,17,Above average
133,6.409999847,1.857859254,10,1,1,0,1,1,0,0,1,1,100,17,Average
134,7.460000038,2.00955534,22,1,1,0,1,1,0,0,1,1,484,16,Average
135,6.590000153,1.88555336,16,1,1,0,1,0,0,1,0,1,256,17,below average
136,6.730000019,1.906575203,20,1,1,0,1,1,1,0,1,1,400,17,below average
137,5.610000134,1.724550724,14,1,1,0,1,1,1,0,1,1,196,16,Average
138,3.650000095,1.294727206,14,0,1,0,1,1,0,1,0,1,196,16,Above average
139,13.01000023,2.565718412,15,1,1,0,0,1,0,1,0,1,225,17,Above average
140,6.96999979,1.941615224,18,1,1,0,0,0,0,0,0,1,324,17,Average
141,7.690000057,2.039920807,21,1,1,0,1,1,1,0,1,1,441,17,Average
142,6.730000019,1.906575203,15,0,1,0,0,1,1,0,1,1,225,16,Average
143,5.130000114,1.635105729,10,1,1,0,1,0,0,0,0,1,100,17,Average
144,2.140000105,0.760805905,6,0,1,0,1,1,0,0,1,1,36,16,Above average
145,4.53000021,1.510722041,8,1,1,0,1,1,0,0,1,1,64,14,below average
146,9.100000381,2.208274364,18,0,1,0,1,0,1,1,0,1,324,17,below average
147,9.779999733,2.280339479,15,1,1,0,1,0,0,0,1,1,225,17,Average
148,3.630000114,1.289232731,11,0,1,0,1,1,0,1,0,1,121,13,Above average
149,7.210000038,1.975468993,20,1,0,1,1,1,0,1,0,1,400,17,Average
150,10.61999989,2.362739086,18,1,1,0,1,1,0,0,1,1,324,17,Average
151,4.619999886,1.530394673,10,1,1,0,1,1,0,0,1,1,100,17,Average
152,6.539999962,1.877937198,26,1,1,0,1,0,1,0,0,1,676,14,Average
153,12.11999989,2.494857073,35,1,0,0,1,0,0,1,0,1,1225,17,Average
154,7.210000038,1.975468993,30,1,1,0,1,1,0,0,1,1,900,16,Above average
155,6.25,1.83258152,6,1,0,0,1,0,0,0,1,1,36,16,Above average
156,3.849999905,1.348073125,13,1,1,0,1,1,0,0,1,1,169,17,Average
157,3.029999971,1.108562589,10,0,0,0,1,1,0,0,1,1,100,16,Average
158,2.00999999,0.69813472,16,0,1,0,1,1,0,1,0,1,256,16,Average
159,3.900000095,1.360976577,5,1,1,0,1,1,0,0,0,1,25,17,Above average
160,6.349999905,1.848454833,11,1,1,0,1,0,0,1,0,1,121,17,Average
161,2,0.693147182,6,0,1,0,1,1,0,0,0,1,36,14,Above average
162,7.690000057,2.039920807,22,1,1,0,0,1,1,0,1,1,484,17,Average
163,2.630000114,0.966983914,4,0,1,0,1,0,0,1,0,1,16,12,Average
164,5,1.609437943,15,1,1,0,1,1,1,1,0,1,225,17,Above average
165,6.539999962,1.877937198,7,0,1,0,1,0,0,1,0,1,49,17,Average
166,5.190000057,1.646733761,10,0,1,0,1,1,0,0,1,1,100,16,Average
167,9.75,2.277267218,8,1,1,0,1,1,0,1,0,1,64,16,Average
168,2.809999943,1.033184409,14,0,1,1,1,1,0,1,0,0,196,13,Average
169,4.619999886,1.530394673,11,1,1,0,0,1,0,0,1,1,121,17,Average
170,7.329999924,1.991975546,34,1,1,0,0,1,0,0,1,1,1156,17,Average
171,7.690000057,2.039920807,12,1,1,0,0,1,0,0,0,1,144,17,Above average
172,3.25999999,1.181727171,10,1,1,0,0,1,0,0,0,1,100,17,Average
173,5.769999981,1.752672076,11,0,1,0,1,0,0,0,1,1,121,17,below average
174,5.590000153,1.720979333,8,1,1,0,0,0,0,0,1,1,64,17,Above average
175,5.130000114,1.635105729,28,0,1,1,0,0,0,0,0,1,784,16,Average
176,14.73999977,2.690564871,24,1,1,0,0,1,0,1,0,1,576,17,below average
177,3.670000076,1.300191641,8,1,1,0,1,0,0,0,0,1,64,17,Average
178,9.729999542,2.275213957,13,0,1,0,0,1,0,0,0,1,169,17,Above average
179,3.460000038,1.241268635,4,1,1,0,0,1,0,0,0,1,16,13,Average
180,6.369999886,1.851599455,43,1,1,0,0,1,0,0,1,1,1849,17,Above average
181,6.579999924,1.884034753,30,0,1,0,1,1,0,0,1,1,900,16,Average
182,10.14999962,2.31747365,16,1,1,1,0,0,0,1,0,1,256,16,Average
183,9.229999542,2.222459078,19,1,1,0,0,1,1,0,0,1,361,17,Average
184,6.75,1.909542561,21,0,0,0,0,1,1,0,1,1,441,17,Average
185,10.22000027,2.324346542,26,0,1,0,1,0,0,1,0,1,676,17,Average
186,4.760000229,1.56024766,8,1,1,0,0,1,0,0,1,1,64,16,Average
187,1.75999999,0.565313816,24,0,1,0,1,0,0,1,0,1,576,17,Average
188,12.72999954,2.543961287,15,1,1,0,0,1,0,0,1,1,225,17,Above average
189,5.849999905,1.766441703,26,1,1,0,0,1,0,0,0,0,676,12,Average
190,3.170000076,1.153731585,6,0,0,0,0,1,0,0,0,0,36,16,Average
191,5.989999771,1.790091395,19,0,1,0,0,1,0,0,1,0,361,12,below average
192,4.619999886,1.530394673,4,0,1,0,0,1,0,1,0,0,16,12,Average
193,1.799999952,0.587786615,23,0,1,0,0,1,1,0,0,1,529,13,Above average
194,5.949999809,1.783391237,25,0,1,0,0,1,0,0,1,1,625,13,Above average
195,7.460000038,2.00955534,18,0,1,0,0,1,0,1,0,0,324,12,Average
196,8.699999809,2.163322926,27,0,1,0,0,1,0,0,1,0,729,13,below average
197,3.75,1.321755886,16,0,1,0,0,1,0,0,0,0,256,10,Average
198,7.690000057,2.039920807,20,0,1,0,0,1,0,0,1,1,400,12,Average
199,5.239999771,1.656321406,12,0,0,0,0,1,0,0,0,0,144,14,Average
200,10.10000038,2.312535524,35,0,1,0,0,1,0,1,0,0,1225,12,Above average
201,3.75,1.321755886,36,0,1,0,0,0,0,0,1,0,1296,12,homely
202,5.789999962,1.756132245,35,0,1,0,0,1,0,0,1,0,1225,13,Average
203,5.059999943,1.621366501,5,0,1,0,0,1,0,0,1,1,25,17,Average
204,7.960000038,2.074429035,15,1,1,0,0,1,0,0,1,0,225,13,Above average
205,12.81999969,2.551006317,44,1,1,0,0,1,0,1,0,0,1936,12,Average
206,8.460000038,2.135349274,28,0,1,0,0,1,1,0,1,0,784,13,Average
207,3.75999999,1.324418902,2,1,1,0,1,0,1,1,0,1,4,13,Above average
208,2.859999895,1.050821543,43,0,1,0,0,1,0,0,1,1,1849,12,Average
209,11.81000042,2.468946695,30,1,1,0,0,1,0,1,0,0,900,10,Average
210,7.690000057,2.039920807,26,0,1,0,0,1,0,0,1,0,676,12,Average
211,7.210000038,1.975468993,40,1,0,0,0,1,0,1,0,0,1600,12,Average
212,2.880000114,1.057790279,7,0,1,1,1,0,0,0,1,1,49,13,Above average
213,5.730000019,1.745715499,10,1,1,0,1,0,1,0,1,0,100,12,Average
214,4.489999771,1.501852632,37,0,1,0,0,1,0,0,0,1,1369,12,below average
215,9.569999695,2.258633137,27,1,1,0,0,1,0,0,1,1,729,17,Above average
216,3.609999895,1.283707738,5,0,1,0,0,1,0,1,0,1,25,17,Average
217,7.769999981,2.050270081,14,0,1,0,0,1,0,0,0,0,196,13,below average
218,9.229999542,2.222459078,16,0,1,0,0,0,0,1,0,0,256,16,below average
219,5.579999924,1.719188809,4,0,1,0,0,1,0,0,1,0,16,17,Average
220,5.340000153,1.675225735,39,0,1,0,0,1,0,1,0,1,1521,16,Average
221,5.170000076,1.642872691,32,1,1,0,0,1,1,0,1,1,1024,12,Average
222,6.409999847,1.857859254,16,0,1,0,0,1,1,0,0,1,256,17,Above average
223,7.400000095,2.001480103,10,0,1,0,1,0,0,0,1,1,100,17,Above average
224,6.75,1.909542561,15,0,1,0,0,1,0,0,1,0,225,17,Above average
225,8.460000038,2.135349274,10,0,1,0,0,1,1,0,1,1,100,17,Above average
226,4.610000134,1.528227925,10,0,1,0,1,0,0,0,0,0,100,13,Average
227,8.609999657,2.152924299,12,0,0,0,1,1,1,0,1,0,144,12,Average
228,5.239999771,1.656321406,4,0,1,0,0,0,0,0,0,0,16,16,Above average
229,15.38000011,2.733067989,12,0,1,0,0,0,1,1,0,0,144,17,Average
230,2.369999886,0.862889886,15,0,1,0,1,1,0,0,1,0,225,12,Above average
231,6.71999979,1.905088067,37,0,1,0,1,0,1,1,0,0,1369,12,Above average
232,9.399999619,2.240709543,23,0,1,0,0,1,0,0,1,0,529,14,Above average
233,7.840000153,2.059238911,15,0,1,0,0,1,0,0,1,0,225,16,Average
234,15,2.708050251,10,0,1,0,0,0,0,1,0,0,100,17,Above average
235,4.699999809,1.54756248,14,0,1,0,1,1,0,0,1,0,196,12,Above average
236,11.27999973,2.42303133,17,0,1,0,0,0,1,1,0,0,289,13,Average
237,11.97000027,2.482403517,24,0,1,0,0,1,0,0,1,0,576,16,Average
238,13.98999977,2.638342857,13,0,1,0,0,1,1,0,0,0,169,17,Above average
239,3,1.098612309,5,0,1,0,1,1,1,0,1,0,25,13,Average
240,3.410000086,1.226712346,20,0,1,0,1,1,0,0,1,0,400,12,Average
241,9.619999886,2.263844252,29,0,1,0,0,1,0,0,1,0,841,14,Above average
242,6.730000019,1.906575203,10,0,1,0,0,0,0,1,0,0,100,16,Above average
243,9.619999886,2.263844252,36,0,1,0,0,1,1,1,0,1,1296,13,Average
244,5.190000057,1.646733761,15,0,1,0,1,1,0,0,0,1,225,13,Average
245,4.619999886,1.530394673,26,0,1,0,1,1,0,0,0,1,676,12,Average
246,5.03000021,1.615419984,13,0,1,0,1,1,0,0,0,1,169,14,Above average
247,9.840000153,2.286455631,26,0,1,0,0,1,0,0,1,0,676,14,Average
248,5.289999962,1.665818214,9,1,1,0,0,1,0,0,1,0,81,12,Average
249,10.98999977,2.396985769,40,0,1,0,0,1,0,0,1,0,1600,12,homely
250,7.079999924,1.957273841,28,1,0,0,0,1,0,1,0,0,784,16,Average
251,8.170000076,2.100468874,12,0,1,0,0,0,0,1,0,0,144,16,below average
252,5.880000114,1.771556735,25,0,1,0,1,1,0,0,0,1,625,13,Above average
253,7.920000076,2.069391251,18,0,1,0,1,1,0,0,1,0,324,13,Above average
254,4.440000057,1.490654349,9,0,1,0,0,0,0,0,1,0,81,17,Average
255,6.639999866,1.893111944,9,1,1,0,0,1,0,0,0,0,81,13,Average
256,15.80000019,2.760010004,30,0,0,0,0,1,0,0,1,0,900,17,Above average
257,9.229999542,2.222459078,40,0,1,0,1,0,0,1,0,0,1600,14,Average
258,12.81999969,2.551006317,36,0,1,0,0,1,0,1,0,0,1296,17,Average
259,14.18000031,2.651832581,30,0,1,0,0,1,0,0,1,0,900,16,Above average
260,11.53999996,2.445819139,27,1,1,0,0,1,0,1,0,1,729,12,Average
261,9.399999619,2.240709543,22,1,1,0,0,1,0,0,1,1,484,12,Average
262,10.39000034,2.340843916,40,1,1,0,0,1,1,0,1,0,1600,13,Average
263,5.539999962,1.711994529,40,0,1,1,0,1,0,1,0,1,1600,12,Average
264,7.860000134,2.061786652,21,0,1,0,0,1,0,1,0,0,441,14,Average
265,8.170000076,2.100468874,36,1,0,0,0,1,1,0,0,0,1296,13,Average
266,4.050000191,1.398716927,16,0,1,0,1,1,0,0,1,1,256,12,Above average
267,7.809999943,2.055404902,36,1,0,0,0,1,0,1,0,0,1296,10,Average
268,2.559999943,0.94000721,18,0,1,0,0,1,0,0,0,0,324,13,Average
269,12.97999954,2.563409567,11,0,1,0,0,0,1,0,0,0,121,16,Above average
270,41.66999817,3.729781389,16,0,0,0,0,1,0,0,1,0,256,13,Above average
271,4.809999943,1.570697069,12,0,1,0,1,1,0,0,0,0,144,13,Above average
272,1.320000052,0.277631789,2,1,1,0,0,1,0,0,1,0,4,10,Average
273,3.710000038,1.311031938,4,0,1,0,0,0,0,1,0,0,16,16,Average
274,4.809999943,1.570697069,21,1,1,0,0,1,0,1,0,1,441,16,Average
275,4.679999828,1.543298125,4,0,1,0,0,0,0,1,0,0,16,12,Average
276,8.210000038,2.105352879,32,1,1,0,1,0,1,0,0,1,1024,17,below average
277,4.03000021,1.393766403,7,0,1,0,1,0,0,1,0,0,49,16,Average
278,4.809999943,1.570697069,5,0,0,0,0,0,0,1,0,0,25,13,Average
279,15.63000011,2.749192238,23,0,1,0,0,1,1,1,0,0,529,16,Average
280,7.690000057,2.039920807,23,1,1,0,0,1,0,1,0,0,529,5,Average
281,7.170000076,1.969905615,14,0,1,0,0,1,0,0,1,0,196,13,Average
282,8.079999924,2.089391947,13,0,1,0,0,1,0,0,1,0,169,16,Above average
283,9.029999733,2.200552225,28,0,1,0,0,1,0,0,1,0,784,13,Average
284,6.75,1.909542561,35,0,1,0,0,1,0,1,0,0,1225,14,Above average
285,8.43999958,2.132982254,16,0,1,0,0,1,0,0,0,0,256,13,Above average
286,6,1.791759491,12,0,1,0,0,1,0,0,0,1,144,17,Above average
287,6.150000095,1.816452146,7,0,1,0,0,1,1,0,0,1,49,17,Average
288,4.099999905,1.4109869,25,0,1,0,0,1,0,0,1,1,625,12,Average
289,14.17000008,2.6511271,22,1,1,0,0,1,1,0,1,0,484,13,Average
290,6.409999847,1.857859254,22,0,1,0,0,1,0,0,1,1,484,17,Average
291,31.09000015,3.436886311,32,0,0,0,0,1,0,0,1,0,1024,13,Average
292,10.28999996,2.331172466,35,0,1,0,0,1,1,0,1,1,1225,13,Above average
293,5.059999943,1.621366501,28,0,1,0,0,1,0,1,0,0,784,12,Average
294,6.369999886,1.851599455,18,0,1,0,0,1,1,0,1,0,324,13,Average
295,2.980000019,1.091923356,11,0,1,0,1,0,0,0,1,0,121,17,Average
296,13.27999973,2.586259127,40,0,1,0,0,1,0,1,0,0,1600,13,Average
297,4.199999809,1.435084462,10,0,1,0,0,1,1,0,0,0,100,13,below average
298,8.920000076,2.188295841,40,0,1,0,0,1,1,0,1,1,1600,12,Average
299,2.630000114,0.966983914,7,0,1,0,1,1,0,0,0,0,49,16,Average
300,26.23999977,3.26728487,24,0,1,0,0,1,0,1,0,0,576,12,Average
301,7.539999962,2.020222187,36,0,1,0,0,0,0,0,0,0,1296,12,Above average
302,8.649999619,2.157559395,34,0,1,0,0,1,0,0,1,1,1156,13,Average
303,20.98999977,3.044046164,44,0,1,0,0,1,1,1,0,0,1936,16,Average
304,10.26000023,2.328252792,44,0,1,0,0,1,0,0,1,1,1936,13,Average
305,8.550000191,2.145931244,30,0,1,0,0,1,0,1,0,0,900,16,Average
306,2.079999924,0.732367873,23,0,1,0,0,1,0,1,0,0,529,12,Above average
307,3,1.098612309,5,0,0,0,0,0,1,0,0,0,25,13,Average
308,6.010000229,1.793424845,25,0,1,0,0,1,1,0,1,1,625,16,Above average
309,10.05000019,2.307572603,14,0,1,0,0,0,1,0,1,0,196,13,Above average
310,5.730000019,1.745715499,5,0,1,0,0,1,0,0,1,0,25,12,Average
311,5.929999828,1.780024171,20,0,1,0,0,1,0,0,0,0,400,12,Average
312,4.489999771,1.501852632,1,0,1,0,0,0,0,0,1,0,1,10,below average
313,5.659999847,1.733423829,13,0,1,0,0,0,0,1,0,0,169,16,Above average
314,10.18999958,2.321406841,15,0,1,0,0,1,1,0,0,0,225,12,Above average
315,20.98999977,3.044046164,35,0,1,0,0,1,0,0,0,0,1225,12,Average
316,9.050000191,2.20276475,20,0,1,0,0,1,0,0,1,0,400,12,Above average
317,3.920000076,1.366091728,12,0,1,0,0,1,0,0,1,1,144,12,handsome
318,4.28000021,1.453953028,7,0,1,0,1,0,0,0,0,1,49,16,Above average
319,2.75,1.011600971,7,0,1,0,1,0,0,0,1,0,49,16,Average
320,2.880000114,1.057790279,32,0,1,0,0,1,0,1,0,0,1024,12,Above average
321,6.409999847,1.857859254,13,0,1,0,0,1,1,0,1,0,169,13,Average
322,7.690000057,2.039920807,15,0,1,0,0,1,0,0,1,1,225,13,Average
323,3.75,1.321755886,33,0,0,0,1,0,0,0,0,1,1089,10,Average
324,6.409999847,1.857859254,48,0,1,0,0,1,0,0,1,0,2304,8,Average
325,11.53999996,2.445819139,38,0,1,0,0,1,0,0,1,0,1444,16,Above average
326,11.39999962,2.4336133,28,0,1,0,0,1,0,1,0,1,784,16,Average
327,2.200000048,0.788457394,18,0,1,0,1,1,1,0,0,0,324,13,Above average
328,1.649999976,0.500775278,24,0,1,0,1,0,0,0,1,1,576,13,homely
329,6.590000153,1.88555336,27,0,1,0,0,0,0,0,1,1,729,12,Average
330,11.06000042,2.403335094,24,0,1,0,0,1,0,0,0,0,576,5,Average
331,1.629999995,0.488580018,16,0,1,0,0,1,1,0,1,1,256,10,Average
332,3.579999924,1.27536273,44,0,1,0,1,1,0,0,0,0,1936,12,Average
333,12.31000042,2.510411978,14,0,1,0,0,1,0,0,1,0,196,16,Above average
334,6.659999847,1.896119475,16,0,1,0,0,1,0,1,0,0,256,12,Average
335,10.52999973,2.354228258,18,0,1,0,1,1,0,0,0,1,324,16,Average
336,1.919999957,0.652325153,18,0,1,0,1,1,0,0,0,1,324,13,below average
337,19.22999954,2.956471443,15,0,1,0,0,1,0,1,0,0,225,13,Above average
338,7.210000038,1.975468993,41,0,1,0,0,1,0,1,0,0,1681,12,Above average
339,25.63999939,3.2441535,28,0,1,0,0,1,0,1,0,0,784,16,Average
340,3.849999905,1.348073125,24,0,1,0,0,1,0,0,1,0,576,12,Average
341,10.98999977,2.396985769,13,0,1,0,0,1,0,0,1,0,169,12,Average
342,10.02000046,2.304583073,22,0,1,0,0,1,0,1,0,0,484,13,Average
343,5.309999943,1.669591784,18,0,1,0,0,1,0,0,1,0,324,13,Above average
344,7.190000057,1.972691178,40,0,1,0,0,1,1,0,1,0,1600,13,Average
345,3.819999933,1.340250373,17,0,1,0,0,1,0,0,0,0,289,13,Above average
346,9.619999886,2.263844252,17,0,1,0,0,1,0,0,1,0,289,12,Average
347,9.619999886,2.263844252,20,0,1,0,0,1,0,0,0,0,400,16,Above average
348,3.849999905,1.348073125,30,0,1,0,0,1,0,0,0,1,900,12,Above average
349,7.5,2.014903069,30,0,1,0,0,1,0,0,1,0,900,12,Average
350,6.920000076,1.934415817,22,0,1,0,0,1,0,0,1,1,484,12,Above average
351,7.690000057,2.039920807,7,0,1,0,0,1,0,0,1,0,49,12,Above average
352,9.229999542,2.222459078,23,0,1,0,0,0,1,0,1,0,529,14,Average
353,1.269999981,0.239016891,8,0,1,0,1,1,0,0,1,0,64,13,Average
354,4.820000172,1.572773933,31,0,1,0,0,1,0,0,0,0,961,10,Above average
355,6.75,1.909542561,30,0,1,0,0,1,0,0,1,0,900,12,Average
356,8.550000191,2.145931244,26,0,1,0,0,0,1,0,0,0,676,13,below average
357,6.409999847,1.857859254,24,1,1,0,0,1,0,1,0,0,576,12,Above average
358,7.440000057,2.006870747,12,1,1,0,0,1,0,0,1,0,144,13,Average
359,1.320000052,0.277631789,37,0,1,0,1,1,0,0,1,0,1369,12,Average
360,4.809999943,1.570697069,16,0,1,0,1,0,0,0,0,0,256,14,Above average
361,14.35000038,2.663749933,23,0,1,0,0,1,0,0,1,1,529,16,Average
362,2.400000095,0.875468791,9,0,1,0,0,1,0,0,0,0,81,10,below average
363,3.079999924,1.124929547,14,0,1,0,0,1,0,0,1,1,196,14,below average
364,10.65999985,2.36649847,8,0,1,0,0,0,0,0,0,0,64,13,handsome
365,7.690000057,2.039920807,41,0,1,0,0,1,0,0,1,0,1681,16,below average
366,2.539999962,0.932164073,5,0,1,0,0,0,0,0,1,0,25,13,Above average
367,6.380000114,1.85316813,30,0,1,0,0,1,0,0,0,0,900,12,Average
368,4.809999943,1.570697069,12,0,1,0,0,1,0,1,0,1,144,17,Above average
369,3.819999933,1.340250373,24,0,1,0,1,0,0,0,1,0,576,12,Average
370,7.400000095,2.001480103,19,0,1,0,0,1,0,1,0,0,361,13,Average
371,7.690000057,2.039920807,20,0,1,0,0,1,0,0,0,0,400,12,Above average
372,8.239999771,2.109000206,23,0,1,0,1,1,1,1,0,1,529,14,below average
373,2.630000114,0.966983914,3,0,1,0,0,0,0,0,1,0,9,8,Average
374,5.309999943,1.669591784,20,0,1,0,0,1,0,0,0,0,400,13,Above average
375,3,1.098612309,45,0,1,0,0,1,0,0,0,0,2025,5,below average
376,5.699999809,1.740466118,31,0,1,0,0,1,0,0,1,0,961,12,Average
377,17.48999977,2.861629248,23,0,1,0,0,1,0,0,0,0,529,13,Above average
378,3.890000105,1.358409166,7,0,1,0,0,0,1,0,1,1,49,13,Average
379,16.13999939,2.781300545,23,1,1,0,0,1,0,0,0,0,529,10,Average
380,18.31999969,2.907993317,25,0,1,0,0,1,0,0,1,0,625,13,Average
381,10.42000008,2.343727112,28,1,0,0,0,1,0,0,1,0,784,8,Average
382,24.72999954,3.208017111,36,0,1,0,0,1,0,1,0,0,1296,12,Average
383,7.610000134,2.029463291,14,0,1,0,0,1,0,0,0,0,196,13,Average
384,10,2.302585125,41,0,1,0,0,1,0,0,1,0,1681,17,Above average
385,1.679999948,0.518793762,15,0,1,0,0,1,0,0,0,0,225,10,Average
386,5.099999905,1.629240513,34,0,0,1,0,1,0,0,1,1,1156,17,Above average
387,7.71999979,2.043814421,20,0,1,0,0,1,0,0,1,0,400,16,Average
388,13.46000004,2.599722385,20,0,1,0,0,1,1,1,0,0,400,16,Above average
389,17.47999954,2.861057281,35,0,1,0,0,1,0,1,0,0,1225,17,Above average
390,1.919999957,0.652325153,25,0,1,1,0,1,0,0,0,0,625,10,Average
391,5.090000153,1.627277851,38,0,1,0,0,1,0,0,1,0,1444,13,Above average
392,6.369999886,1.851599455,16,0,1,0,1,0,0,1,0,0,256,17,Average
393,5.449999809,1.69561553,6,0,1,0,0,0,0,1,0,0,36,16,below average
394,3.819999933,1.340250373,14,0,1,0,0,1,0,0,0,0,196,13,Average
395,20.86000061,3.037833452,34,0,1,0,0,1,0,0,1,0,1156,8,Above average
396,6.199999809,1.824549317,8,0,1,0,0,0,0,0,1,1,64,17,Above average
397,26.21999931,3.266522408,17,0,1,0,0,1,0,1,0,1,289,17,Average
398,2.5,0.91629076,27,0,1,0,0,1,0,0,1,1,729,12,Average
399,8.100000381,2.091864109,13,0,1,0,0,0,1,0,1,0,169,13,Average
400,6.210000038,1.826160908,42,0,1,0,0,1,0,0,1,0,1764,12,Average
401,5.239999771,1.656321406,11,0,1,0,0,1,0,0,1,0,121,16,Above average
402,5.570000172,1.717395067,12,0,1,0,0,1,0,0,0,0,144,12,Above average
403,7.599999905,2.028148174,43,0,1,0,0,1,0,0,1,0,1849,12,Above average
404,17.48999977,2.861629248,18,0,1,0,0,1,0,0,1,0,324,16,Average
405,10.10000038,2.312535524,17,0,1,0,0,0,0,0,1,0,289,16,Average
406,4.329999924,1.46556747,4,0,1,0,0,0,1,0,1,0,16,13,below average
407,5.380000114,1.682688355,40,0,1,0,0,1,0,0,0,0,1600,12,Above average
408,5.699999809,1.740466118,14,0,1,0,0,1,0,0,1,0,196,16,Above average
409,15.72999954,2.755569696,32,0,1,0,0,1,0,1,0,0,1024,12,Average
410,3.160000086,1.150572062,13,0,1,0,1,1,0,0,1,1,169,12,Average
411,7.630000114,2.032087803,34,1,0,0,0,0,0,0,1,0,1156,13,Average
412,7.690000057,2.039920807,10,0,1,0,0,0,1,1,0,0,100,16,Average
413,3.569999933,1.272565603,25,0,1,0,0,0,0,0,1,0,625,10,Average
414,5.920000076,1.778336406,11,0,1,0,0,1,0,1,0,0,121,13,Above average
415,13.11999989,2.574137688,40,0,1,0,0,1,0,0,1,0,1600,13,Average
416,38.86000061,3.659965515,29,0,1,0,0,1,0,0,1,0,841,13,Average
417,1.919999957,0.652325153,30,0,0,0,1,0,0,0,1,0,900,13,Average
418,10.11999989,2.314513683,20,1,1,0,0,1,0,0,1,0,400,16,Average
419,12.81999969,2.551006317,12,0,1,0,0,1,1,0,0,0,144,16,Above average
420,5.489999771,1.702928185,20,0,1,0,1,0,0,0,1,0,400,13,Above average
421,14.78999996,2.693951368,29,0,1,0,0,1,0,0,1,0,841,17,Average
422,10.18999958,2.321406841,15,0,1,0,0,1,1,0,1,0,225,17,below average
423,2.109999895,0.746687889,37,1,1,0,1,0,0,1,0,0,1369,10,Average
424,9.279999733,2.227861404,11,0,1,0,0,0,0,1,0,0,121,13,Average
425,5.329999924,1.673351169,19,0,1,0,0,1,0,0,1,0,361,13,Above average
426,9.130000114,2.211565733,13,0,1,0,0,1,0,0,1,0,169,13,Average
427,9.890000343,2.291524172,41,0,1,0,0,1,0,0,1,0,1681,10,Average
428,6.369999886,1.851599455,11,0,1,0,0,1,0,0,1,0,121,10,Average
429,4,1.386294365,26,0,1,0,1,0,0,0,1,0,676,12,Average
430,5.090000153,1.627277851,7,0,1,0,0,1,1,0,1,0,49,13,Above average
431,5.130000114,1.635105729,21,0,1,0,0,1,1,0,0,0,441,12,Above average
432,2.470000029,0.904218137,1,0,1,0,1,0,1,0,1,0,1,16,Above average
433,3.289999962,1.19088757,26,0,1,0,1,1,0,1,0,0,676,10,Average
434,3.950000048,1.373715639,1,0,1,0,1,0,1,1,0,0,1,12,Average
435,3.039999962,1.111857533,12,0,1,0,1,1,0,0,1,0,144,12,Average
436,2.269999981,0.819779813,3,0,1,0,1,1,0,0,0,0,9,12,below average
437,3.339999914,1.205970764,5,0,1,0,1,1,0,1,0,0,25,12,Average
438,4.900000095,1.589235187,5,1,1,0,0,0,0,0,1,0,25,13,below average
439,7.210000038,1.975468993,6,0,1,0,0,1,1,0,1,0,36,14,Average
440,3.440000057,1.235471487,1,0,1,0,0,0,0,0,0,0,1,12,Above average
441,2.400000095,0.875468791,6,0,1,0,1,1,0,0,0,0,36,12,Above average
442,8.260000229,2.111424685,38,0,1,0,0,1,0,1,0,0,1444,12,Average
443,10.68000031,2.368372917,38,0,1,0,0,1,0,0,1,0,1444,12,Average
444,4.619999886,1.530394673,37,0,1,0,0,1,0,0,0,0,1369,13,Average
445,7.550000191,2.021547556,26,0,1,0,0,1,0,0,1,0,676,13,Above average
446,6.75,1.909542561,42,0,0,0,0,1,0,0,0,0,1764,13,Average
447,7.690000057,2.039920807,42,0,1,0,0,1,1,0,1,0,1764,12,Average
448,7.25,1.981001496,10,0,1,0,0,1,0,0,1,0,100,14,Average
449,8.739999771,2.167910099,16,0,1,0,0,1,0,0,1,0,256,12,Above average
450,4.619999886,1.530394673,34,0,1,0,0,1,1,0,1,0,1156,13,below average
451,3.329999924,1.202972293,17,0,1,0,0,0,0,0,0,0,289,12,below average
452,4.809999943,1.570697069,12,0,1,0,1,0,0,0,1,0,144,12,Average
453,4.579999924,1.521698952,24,0,1,0,0,1,0,0,1,0,576,12,Average
454,4.090000153,1.408545017,3,0,1,0,1,1,0,0,1,0,9,13,Average
455,1.830000043,0.604315996,3,0,0,0,1,0,0,0,0,0,9,13,Above average
456,3.329999924,1.202972293,14,0,1,0,0,1,0,0,1,0,196,10,Average
457,4.71999979,1.551808715,3,0,0,0,1,0,0,0,0,0,9,12,Average
458,3.059999943,1.118414879,32,0,1,0,0,1,0,0,0,0,1024,12,Above average
459,4.949999809,1.599387527,9,0,1,0,0,1,1,0,1,0,81,13,Above average
460,11.53999996,2.445819139,34,0,1,0,0,1,1,0,1,0,1156,13,Average
461,5.630000114,1.728109479,5,0,1,0,0,1,0,0,1,0,25,14,Average
462,4.050000191,1.398716927,10,0,1,0,1,1,0,0,1,0,100,12,below average
463,1.159999967,0.148419976,2,0,1,0,1,0,1,0,1,0,4,13,Above average
464,4.099999905,1.4109869,34,0,1,0,1,1,0,1,0,0,1156,8,Average
465,2.460000038,0.900161386,17,0,1,0,1,1,0,0,0,0,289,12,Average
466,4.110000134,1.413423061,10,0,1,0,1,0,0,1,0,1,100,12,Above average
467,6.110000134,1.809926748,44,0,1,0,1,1,0,0,0,0,1936,13,Average
468,4.46999979,1.497388363,11,0,1,0,1,1,0,0,1,0,121,12,Above average
469,4.619999886,1.530394673,3,0,1,0,1,0,0,1,0,0,9,12,Above average
470,1.279999971,0.246860057,2,0,1,0,1,1,0,0,0,1,4,13,Average
471,4.400000095,1.481604576,25,0,1,0,1,0,0,0,0,0,625,12,Above average
472,1.269999981,0.239016891,12,0,1,0,1,1,0,0,1,1,144,12,Average
473,3.950000048,1.373715639,10,0,1,0,1,0,0,0,0,0,100,12,Above average
474,3.640000105,1.291983724,8,0,0,0,0,0,1,0,1,0,64,12,Average
475,3.75,1.321755886,5,0,1,0,1,0,0,0,1,0,25,14,Above average
476,3.210000038,1.166270971,12,0,1,0,1,0,0,0,1,0,144,13,Above average
477,2.630000114,0.966983914,6,0,1,0,1,1,0,0,1,1,36,13,Average
478,5.639999866,1.729884028,9,0,1,0,0,1,0,0,0,0,81,16,Average
479,3,1.098612309,2,0,1,0,1,0,0,1,0,0,4,12,Above average
480,1.980000019,0.683096826,7,0,1,0,1,1,0,0,0,0,49,12,Above average
481,4.809999943,1.570697069,26,0,1,0,1,0,0,0,0,0,676,12,Average
482,2.630000114,0.966983914,13,0,1,0,1,1,0,0,1,1,169,13,Above average
483,3.160000086,1.150572062,27,0,1,0,1,1,0,0,1,0,729,12,Average
484,6.269999981,1.835776329,3,1,1,0,0,0,1,1,0,1,9,13,Average
485,4.050000191,1.398716927,8,0,1,0,1,0,0,0,1,0,64,13,Average
486,1.980000019,0.683096826,8,0,1,0,1,1,0,0,1,0,64,16,Average
487,2.180000067,0.779324889,2,0,1,0,1,1,0,0,1,0,4,12,Above average
488,2.630000114,0.966983914,4,0,1,0,1,1,0,0,0,0,16,12,Above average
489,2.430000067,0.887891293,1,0,1,0,1,0,0,0,1,0,1,10,Above average
490,1.980000019,0.683096826,4,0,1,0,1,0,1,0,0,0,16,12,Above average
491,4.090000153,1.408545017,5,0,1,0,1,1,1,0,0,0,25,12,Above average
492,2.5,0.91629076,12,0,1,0,1,0,0,0,1,1,144,12,Average
493,2.50999999,0.920282722,4,0,1,0,1,0,0,1,0,0,16,12,handsome
494,3.849999905,1.348073125,7,1,1,0,1,0,0,0,1,0,49,10,Above average
495,5.130000114,1.635105729,5,0,1,0,0,0,1,0,1,0,25,12,Above average
496,4.809999943,1.570697069,5,0,1,0,1,0,0,0,1,0,25,12,Average
497,4.809999943,1.570697069,3,0,1,0,0,0,0,0,1,1,9,13,Above average
498,7.070000172,1.955860496,8,1,1,1,1,0,0,1,0,0,64,13,Average
499,2.309999943,0.837247491,3,0,1,0,1,0,0,0,1,1,9,13,Above average
500,3.890000105,1.358409166,4,0,1,1,1,0,1,1,0,0,16,16,Above average
501,1.980000019,0.683096826,25,0,1,0,1,0,0,1,0,0,625,12,below average
502,3.75,1.321755886,31,0,0,0,1,0,0,1,0,0,961,12,Above average
503,1.25,0.223143548,5,0,1,0,1,1,0,0,0,0,25,12,Above average
504,7.630000114,2.032087803,11,0,1,0,0,0,0,0,0,1,121,16,Above average
505,6.539999962,1.877937198,8,0,1,1,1,0,1,0,1,0,64,13,Average
506,13.13000011,2.574899673,24,0,1,0,0,1,1,0,1,0,576,16,Average
507,4.400000095,1.481604576,3,0,1,0,1,0,0,0,1,0,9,13,handsome
508,7.690000057,2.039920807,16,0,1,1,1,1,0,0,1,0,256,13,Average
509,3.849999905,1.348073125,7,0,1,0,0,1,0,0,1,0,49,10,Average
510,7.690000057,2.039920807,25,0,1,0,0,1,0,0,1,0,625,12,Average
511,5,1.609437943,19,0,1,0,0,0,1,0,1,0,361,13,Average
512,8.93999958,2.190535545,31,1,1,0,0,1,0,0,1,0,961,10,Average
513,5.090000153,1.627277851,7,0,1,0,1,0,0,1,0,0,49,17,handsome
514,3.160000086,1.150572062,1,0,1,1,1,0,0,1,0,1,1,12,Average
515,10.57999992,2.358965397,21,0,1,0,0,1,0,0,1,0,441,13,Average
516,6.869999886,1.927164078,5,0,0,1,1,1,0,1,0,0,25,12,Average
517,2.140000105,0.760805905,4,0,1,1,1,0,0,1,0,0,16,13,Above average
518,5.130000114,1.635105729,15,0,1,0,1,0,0,1,0,0,225,16,Above average
519,1.950000048,0.667829394,10,1,1,0,1,1,0,0,1,1,100,13,below average
520,1.919999957,0.652325153,8,0,1,0,1,1,0,0,0,1,64,12,Above average
521,2.650000095,0.974559665,18,0,1,0,1,1,0,0,1,1,324,13,Average
522,2.619999886,0.963174284,10,1,1,0,1,1,1,0,0,1,100,17,Average
523,7.909999847,2.068127871,6,1,1,0,1,0,0,0,1,0,36,13,Above average
524,8.550000191,2.145931244,30,1,1,0,0,1,1,0,0,0,900,12,Above average
525,8.43999958,2.132982254,19,1,1,0,1,0,0,1,0,0,361,13,Above average
526,7.960000038,2.074429035,30,1,1,0,0,1,0,0,0,0,900,12,Average
527,7.210000038,1.975468993,38,0,0,1,0,0,0,1,0,0,1444,12,Above average
528,4.670000076,1.541159034,4,0,1,0,0,0,0,1,0,0,16,10,Average
529,4.28000021,1.453953028,7,0,1,0,1,0,0,0,1,1,49,13,Above average
530,3.609999895,1.283707738,4,0,1,0,1,0,1,0,1,0,16,13,Average
531,1.919999957,0.652325153,2,0,1,0,1,0,0,0,1,0,4,14,Average
532,1.679999948,0.518793762,5,0,1,0,1,1,0,0,0,0,25,13,Average
533,4.460000038,1.495148778,21,0,1,0,1,1,0,0,1,0,441,12,Average
534,2.109999895,0.746687889,12,0,1,0,1,0,1,0,1,0,144,13,Above average
535,3.809999943,1.337629199,4,0,1,0,0,1,0,0,1,0,16,12,handsome
536,6.25,1.83258152,11,0,1,0,1,1,0,0,1,0,121,12,Above average
537,3.079999924,1.124929547,5,0,1,1,1,0,0,0,1,0,25,13,Average
538,5.389999866,1.684545398,45,0,0,0,0,1,0,0,1,0,2025,10,Average
539,7.329999924,1.991975546,31,1,0,0,0,1,0,0,0,0,961,13,Above average
540,4.920000076,1.593308568,38,1,0,1,1,0,1,1,0,0,1444,12,Average
541,9.890000343,2.291524172,35,1,1,1,0,0,0,1,0,0,1225,10,Average
542,2.980000019,1.091923356,12,0,1,0,1,1,0,0,1,0,144,12,Average
543,2.920000076,1.071583629,12,0,1,0,1,0,0,0,0,1,144,12,Above average
544,4.170000076,1.42791605,34,0,1,0,1,1,0,0,1,1,1156,12,Above average
545,3.339999914,1.205970764,20,0,1,1,1,0,0,0,1,0,400,13,below average
546,2.25999999,0.815364838,3,0,1,0,1,0,0,0,0,0,9,14,Above average
547,10.11999989,2.314513683,18,0,1,0,1,0,0,0,1,1,324,13,Average
548,6.349999905,1.848454833,20,0,1,0,1,1,0,0,1,0,400,12,Average
549,7.800000191,2.05412364,6,0,1,1,1,0,0,1,0,1,36,13,Average
550,3.75,1.321755886,9,0,1,0,1,0,0,0,1,0,81,12,Above average
551,3.589999914,1.278152227,3,0,1,0,1,1,0,0,1,0,9,12,Above average
552,4.519999981,1.50851202,7,0,1,0,1,0,0,0,1,0,49,13,Average
553,4.46999979,1.497388363,12,0,1,0,1,1,0,0,1,0,144,12,Average
554,5.289999962,1.665818214,12,0,1,0,1,0,0,0,1,1,144,12,Above average
555,5.289999962,1.665818214,10,0,1,0,1,0,1,0,1,1,100,13,Above average
556,4.809999943,1.570697069,9,0,1,0,1,0,0,0,1,0,81,13,Above average
557,1.980000019,0.683096826,3,0,1,0,1,1,0,0,0,1,9,14,below average
558,3.170000076,1.153731585,2,0,1,0,1,0,0,0,0,0,4,13,Average
559,2.880000114,1.057790279,40,0,1,0,1,1,0,1,0,1,1600,12,Above average
560,3.470000029,1.244154572,5,0,1,0,1,1,0,0,0,1,25,13,Average
561,3.920000076,1.366091728,15,0,1,0,1,1,0,0,0,0,225,12,below average
562,3.460000038,1.241268635,13,0,1,0,1,1,1,1,0,1,169,17,Above average
563,4.949999809,1.599387527,10,0,1,1,1,0,0,1,0,0,100,14,handsome
564,2.180000067,0.779324889,2,0,1,0,1,0,0,0,0,0,4,12,Average
565,4.099999905,1.4109869,23,0,1,0,1,0,0,0,1,0,529,12,Above average
566,2.619999886,0.963174284,15,0,1,0,1,0,0,0,0,1,225,12,Average
567,6.590000153,1.88555336,30,0,1,0,1,0,0,0,1,0,900,13,Average
568,3.960000038,1.376244068,15,0,1,0,1,1,0,1,0,0,225,12,below average
569,4.809999943,1.570697069,11,0,1,0,1,0,0,0,1,0,121,13,Average
570,3.75,1.321755886,27,0,1,0,1,0,0,0,1,1,729,12,Average
571,7.340000153,1.993338823,9,1,1,0,1,0,0,1,0,0,81,12,Average
572,2.930000067,1.075002432,1,0,1,0,1,0,0,0,0,1,1,12,Above average
573,3.470000029,1.244154572,15,0,1,0,1,0,0,0,1,1,225,12,Average
574,5.639999866,1.729884028,16,0,1,0,1,1,0,0,1,1,256,12,Average
575,3.75,1.321755886,3,0,1,0,1,0,0,0,0,1,9,13,Average
576,5.449999809,1.69561553,19,0,1,0,1,0,0,0,1,1,361,17,Above average
577,4.090000153,1.408545017,18,0,0,0,1,0,1,1,0,0,324,13,Above average
578,3.75,1.321755886,4,0,1,0,1,1,0,0,1,0,16,12,Average
579,6.730000019,1.906575203,14,0,1,0,1,1,0,0,1,0,196,12,Above average
580,3.279999971,1.187843442,8,1,1,0,1,1,0,0,1,1,64,13,Average
581,3.569999933,1.272565603,10,0,1,0,1,0,0,0,1,0,100,12,Above average
582,6.010000229,1.793424845,33,0,1,0,0,1,0,1,0,0,1089,12,Average
583,4.619999886,1.530394673,9,0,1,0,0,1,0,0,1,0,81,10,Average
584,6.840000153,1.922787786,26,0,1,0,0,1,0,1,0,0,676,12,Above average
585,6.409999847,1.857859254,15,0,1,0,1,1,0,0,0,0,225,10,Average
586,3.440000057,1.235471487,31,0,1,0,0,1,0,0,1,0,961,12,below average
587,3.849999905,1.348073125,22,1,1,0,0,1,1,0,1,0,484,10,Average
588,7.150000095,1.967112422,30,1,1,0,1,0,0,1,0,0,900,12,Above average
589,4.050000191,1.398716927,3,0,1,1,1,0,1,1,0,0,9,12,Average
590,2.910000086,1.068153143,4,0,1,0,0,0,0,0,1,0,16,14,Above average
591,1.919999957,0.652325153,4,0,0,0,1,0,1,0,1,0,16,12,Average
592,4.420000076,1.486139655,9,0,1,0,0,0,0,0,1,0,81,12,Average
593,8.489999771,2.138889074,7,1,1,0,0,0,0,1,0,0,49,14,Average
594,4.28000021,1.453953028,3,1,1,1,0,0,1,1,0,0,9,13,Average
595,3.329999924,1.202972293,5,0,1,0,0,1,0,1,0,1,25,12,Above average
596,8.460000038,2.135349274,48,0,1,0,0,1,0,1,0,0,2304,13,Average
597,8.649999619,2.157559395,3,0,1,0,1,0,0,0,1,0,9,12,Average
598,1.159999967,0.148419976,5,0,1,0,1,1,1,0,1,1,25,10,Average
599,1.980000019,0.683096826,5,0,1,1,1,1,0,0,1,1,25,13,Average
600,2.569999933,0.94390589,3,0,1,0,1,1,0,0,1,1,9,12,Average
601,2.579999924,0.947789371,6,0,1,1,1,0,0,0,1,1,36,12,Above average
602,2.50999999,0.920282722,10,0,1,0,1,1,0,0,0,1,100,12,Above average
603,77.72000122,4.353112698,9,1,1,1,1,1,0,1,0,1,81,13,Above average
604,4.329999924,1.46556747,26,1,1,0,1,1,1,0,1,0,676,12,Above average
605,4.090000153,1.408545017,33,1,1,0,0,1,0,0,1,0,1089,8,Average
606,5.730000019,1.745715499,12,1,1,0,1,0,1,1,0,0,144,12,Average
607,4.809999943,1.570697069,11,1,1,0,1,0,0,0,0,0,121,12,Average
608,7.690000057,2.039920807,10,0,1,0,1,0,0,0,1,0,100,12,Above average
609,5.730000019,1.745715499,9,1,1,0,1,0,0,0,1,0,81,12,Average
610,5.880000114,1.771556735,17,1,1,0,1,0,0,0,1,0,289,12,Average
611,4.269999981,1.451613784,37,0,1,0,0,1,0,0,0,0,1369,13,Average
612,9.619999886,2.263844252,28,0,1,0,0,0,0,0,0,0,784,16,Above average
613,9.359999657,2.236445189,16,0,1,0,0,0,0,0,1,0,256,12,Average
614,3.950000048,1.373715639,2,0,1,0,1,0,0,0,1,0,4,12,handsome
615,5.730000019,1.745715499,34,1,1,0,1,1,0,0,0,0,1156,12,Average
616,2.599999905,0.955511391,7,0,1,0,1,0,1,0,1,0,49,12,Average
617,3.75,1.321755886,4,0,1,0,1,0,0,0,0,0,16,12,Above average
618,5.610000134,1.724550724,12,0,1,0,1,1,0,0,1,1,144,14,Above average
619,5.730000019,1.745715499,20,0,1,0,1,1,1,0,1,0,400,13,Average
620,3.849999905,1.348073125,17,0,1,0,1,1,1,0,1,0,289,12,Average
621,2.880000114,1.057790279,0,0,1,0,1,0,0,0,1,1,0,12,below average
622,2.75,1.011600971,7,0,1,0,1,0,0,0,1,0,49,12,Above average
623,11.56999969,2.448415518,13,0,1,0,0,0,1,1,0,0,169,13,Above average
624,4.329999924,1.46556747,4,0,1,1,1,0,0,1,0,1,16,13,Average
625,2.75,1.011600971,3,0,1,0,1,1,0,1,0,0,9,12,Average
626,5.340000153,1.675225735,5,0,1,0,1,0,0,0,1,0,25,10,Average
627,6.559999943,1.880990624,19,0,1,0,0,1,0,0,1,0,361,12,Average
628,4.679999828,1.543298125,12,0,1,0,0,1,0,1,0,0,144,13,Average
629,1.980000019,0.683096826,10,0,1,0,1,1,0,0,0,0,100,12,below average
630,7.960000038,2.074429035,18,1,1,0,0,1,1,0,1,0,324,12,Average
631,4.869999886,1.583093882,18,0,1,0,1,1,0,1,0,0,324,13,below average
632,3.160000086,1.150572062,44,1,1,0,1,1,0,0,0,0,1936,10,Average
633,6.25,1.83258152,5,0,1,0,0,0,0,0,1,0,25,12,Average
634,3,1.098612309,18,0,1,0,1,1,0,0,1,0,324,13,Above average
635,3.75,1.321755886,12,1,1,0,1,0,1,0,1,0,144,12,Above average
636,3.75,1.321755886,6,0,1,0,1,1,0,0,1,0,36,12,Above average
637,6.539999962,1.877937198,13,0,1,1,1,0,1,1,0,1,169,13,Above average
638,4.190000057,1.432700753,10,0,1,0,0,1,0,1,0,0,100,13,Average
639,5.369999886,1.680827856,20,0,1,0,0,1,0,0,0,0,400,12,below average
640,2.140000105,0.760805905,32,0,1,0,1,0,0,0,0,1,1024,16,handsome
641,4.809999943,1.570697069,32,0,1,0,1,1,0,1,0,0,1024,12,Average
642,3.529999971,1.261297822,8,0,1,0,1,1,0,1,0,0,64,12,Average
643,4.329999924,1.46556747,25,0,1,0,1,0,0,0,1,1,625,12,Average
644,6.130000114,1.813194752,18,1,1,0,0,1,0,0,1,0,324,12,Average
645,8.789999962,2.17361474,31,1,0,0,0,1,0,1,0,1,961,12,below average
646,8.210000038,2.105352879,30,1,1,0,0,1,0,0,0,0,900,12,Average
647,2.390000105,0.871293426,8,0,1,0,0,1,0,0,0,0,64,10,Average
648,4.579999924,1.521698952,18,0,1,0,0,1,0,0,0,0,324,12,Above average
649,6.96999979,1.941615224,16,0,1,0,0,1,0,1,0,0,256,13,Average
650,10.11999989,2.314513683,29,1,1,0,0,1,0,0,0,0,841,12,Average
651,3.75,1.321755886,30,0,1,0,0,1,0,0,1,0,900,12,below average
652,3.519999981,1.258460999,8,0,1,0,0,0,0,0,1,0,64,12,below average
653,8.409999847,2.129421473,22,0,1,0,0,1,0,0,0,0,484,10,Average
654,7.960000038,2.074429035,15,0,1,0,0,1,0,0,1,0,225,12,handsome
655,8.239999771,2.109000206,20,1,1,0,0,1,0,1,0,0,400,12,below average
656,3.220000029,1.16938138,18,0,1,0,0,1,0,0,0,0,324,12,Average
657,7.960000038,2.074429035,36,0,1,0,0,1,0,0,1,0,1296,8,Average
658,8.649999619,2.157559395,11,1,1,0,0,0,0,1,0,0,121,12,Above average
659,4.269999981,1.451613784,3,0,1,1,0,0,0,0,1,0,9,10,Average
660,12.65999985,2.53844738,22,1,1,0,0,1,1,1,0,0,484,12,handsome
661,7.960000038,2.074429035,16,1,1,0,0,1,0,0,0,0,256,10,Average
662,3.49000001,1.249901772,44,0,1,0,0,1,0,0,0,0,1936,10,Average
663,10.11999989,2.314513683,20,0,1,0,0,0,0,0,1,0,400,13,below average
664,3.079999924,1.124929547,5,0,1,0,0,1,1,0,1,0,25,13,Above average
665,7.960000038,2.074429035,8,1,1,0,0,1,0,0,1,0,64,12,Average
666,2.75,1.011600971,2,0,1,0,0,0,0,1,0,0,4,12,Above average
667,3.390000105,1.220829964,10,0,1,0,0,1,0,0,1,0,100,10,Average
668,5.489999771,1.702928185,7,0,1,0,0,1,0,0,1,0,49,12,below average
669,4.269999981,1.451613784,11,0,1,0,0,1,0,0,1,0,121,12,Average
670,5.710000038,1.742218971,18,1,1,0,0,1,1,0,1,0,324,12,Average
671,3.460000038,1.241268635,8,0,1,0,1,1,1,0,1,0,64,14,below average
672,15.38000011,2.733067989,37,0,1,0,0,1,0,0,1,0,1369,12,Average
673,8.409999847,2.129421473,12,0,1,0,0,0,0,0,1,0,144,13,Average
674,10.11999989,2.314513683,11,0,1,0,0,1,1,0,1,0,121,12,Average
675,3.849999905,1.348073125,7,0,1,0,0,1,1,0,1,0,49,12,Above average
676,4.619999886,1.530394673,23,0,1,0,0,1,0,0,0,1,529,12,Above average
677,3.410000086,1.226712346,5,0,1,0,0,1,0,0,0,1,25,12,Average
678,10.57999992,2.358965397,22,1,1,0,0,1,1,0,1,0,484,12,Above average
679,10.10000038,2.312535524,35,1,1,0,0,0,0,1,0,0,1225,13,Average
680,7.960000038,2.074429035,6,0,1,0,0,1,0,0,1,0,36,13,Average
681,6.809999943,1.918392062,14,0,1,0,0,1,0,1,0,0,196,8,Above average
682,7.210000038,1.975468993,37,1,1,0,0,1,0,0,1,0,1369,12,Average
683,6.409999847,1.857859254,32,1,1,0,0,1,1,0,1,0,1024,8,Average
684,4.769999981,1.562346339,30,1,1,0,0,1,0,0,0,0,900,10,Average
685,6.050000191,1.800058246,10,1,1,0,0,1,0,0,0,0,100,13,Average
686,3.75,1.321755886,9,1,1,0,0,1,0,0,0,0,81,10,below average
687,9.159999847,2.214846134,14,1,1,0,0,1,1,0,1,0,196,13,Average
688,3.329999924,1.202972293,19,0,1,0,0,1,0,0,0,0,361,10,Average
689,4.769999981,1.562346339,6,1,1,0,0,1,0,0,1,0,36,14,Average
690,5.789999962,1.756132245,28,0,1,0,0,1,0,0,1,0,784,12,below average
691,3.960000038,1.376244068,10,0,1,0,1,0,0,1,0,0,100,16,Average
692,6.409999847,1.857859254,37,1,1,0,0,1,1,0,0,0,1369,12,below average
693,5.550000191,1.713797927,41,1,1,0,0,1,0,0,0,0,1681,12,Average
694,12.73999977,2.544746637,18,1,0,0,0,1,1,0,0,0,324,10,Average
695,7.690000057,2.039920807,14,0,1,0,0,0,1,1,0,0,196,13,Above average
696,8.170000076,2.100468874,12,1,1,0,0,0,1,1,0,0,144,16,Average
697,6.400000095,1.85629797,26,0,1,0,0,1,0,0,1,0,676,12,Average
698,3.569999933,1.272565603,19,0,1,1,1,1,0,0,1,0,361,12,Average
699,6.590000153,1.88555336,22,0,1,0,0,0,0,0,0,0,484,10,Above average
700,7.690000057,2.039920807,27,0,1,0,0,1,0,0,1,0,729,12,Average
701,10.26000023,2.328252792,27,0,1,1,0,0,0,0,0,0,729,12,Average
702,7.079999924,1.957273841,25,0,1,0,0,1,0,0,0,0,625,10,Average
703,10.42000008,2.343727112,10,0,1,0,0,1,0,0,1,0,100,12,Average
704,8.079999924,2.089391947,7,0,1,0,0,1,0,0,1,0,49,12,Average
705,4.949999809,1.599387527,7,0,1,0,0,0,0,0,1,0,49,13,Above average
706,9.81000042,2.283402205,24,0,1,0,0,1,0,1,0,0,576,13,Average
707,5.769999981,1.752672076,10,0,1,0,0,0,0,1,0,0,100,12,Above average
708,4.809999943,1.570697069,3,0,1,0,0,0,0,0,1,0,9,12,Above average
709,11.94999981,2.480731249,28,0,1,0,0,1,0,1,0,0,784,14,Average
710,6.119999886,1.811562061,23,0,1,0,0,1,0,0,0,0,529,12,Above average
711,4.579999924,1.521698952,37,0,1,0,0,0,0,0,0,0,1369,12,Above average
712,2.25999999,0.815364838,18,0,0,0,1,1,0,0,0,0,324,10,below average
713,4.369999886,1.474763036,5,0,1,0,0,1,0,0,1,0,25,12,Average
714,7.710000038,2.042518139,42,0,1,0,0,1,0,0,0,0,1764,8,below average
715,7.960000038,2.074429035,20,0,1,0,1,0,1,0,1,0,400,13,Average
716,8.930000305,2.189416409,33,0,1,0,0,0,0,1,0,0,1089,12,Average
717,12.27000046,2.507157326,25,0,0,0,0,1,0,0,1,0,625,10,Average
718,5.730000019,1.745715499,14,1,1,0,1,1,0,0,0,0,196,12,Above average
719,7.260000229,1.982379913,10,0,1,0,0,1,0,0,1,0,100,13,Above average
720,4.730000019,1.553925157,21,0,1,0,0,1,0,0,1,0,441,5,below average
721,5.380000114,1.682688355,8,0,1,0,0,1,0,0,0,0,64,12,Average
722,9,2.197224617,42,0,1,0,0,1,0,0,0,0,1764,12,Above average
723,4.909999847,1.591273904,10,0,1,0,0,1,0,1,0,0,100,12,Above average
724,14.31000042,2.660958529,40,1,1,0,0,1,0,0,1,0,1600,10,below average
725,9.739999771,2.276241064,13,0,1,0,0,1,0,1,0,0,169,12,Above average
726,4.130000114,1.418277383,39,0,1,0,0,1,0,0,0,0,1521,12,Average
727,3.75,1.321755886,9,0,1,0,0,1,1,0,1,0,81,13,Average
728,5.260000229,1.660131097,26,0,1,0,0,1,0,0,0,0,676,12,below average
729,21.73999977,3.079153776,24,1,1,0,0,1,1,0,0,0,576,12,Average
730,8.81000042,2.175887585,14,1,1,0,0,1,0,0,1,0,196,12,Average
731,8.170000076,2.100468874,12,1,1,0,0,1,1,0,1,0,144,13,Above average
732,7.5,2.014903069,35,1,1,0,0,1,0,0,0,0,1225,12,Above average
733,3.420000076,1.229640603,14,0,0,0,0,1,0,0,0,0,196,12,Average
734,8.890000343,2.184926987,18,1,1,0,0,1,0,0,1,0,324,12,Average
735,4.159999847,1.425515056,32,0,1,0,0,1,0,0,0,0,1024,13,Average
736,8.170000076,2.100468874,23,1,1,0,0,1,0,1,0,0,529,12,Average
737,8.119999886,2.094330072,22,0,1,0,0,1,1,0,1,0,484,12,Average
738,10.11999989,2.314513683,29,0,1,0,0,1,0,0,1,0,841,12,Average
739,12.5,2.525728703,30,1,1,0,0,1,1,0,1,0,900,13,Average
740,4.329999924,1.46556747,15,0,1,0,0,0,0,0,1,1,225,8,below average
741,5.199999809,1.648658633,10,0,1,0,0,0,0,0,0,1,100,12,Above average
742,9.619999886,2.263844252,12,0,1,0,0,1,0,0,1,1,144,10,Above average
743,16.03000069,2.774461985,25,0,1,0,0,1,1,0,1,1,625,10,Average
744,9.279999733,2.227861404,29,0,1,0,0,1,0,0,1,1,841,12,Average
745,2.809999943,1.033184409,40,0,0,0,0,1,0,0,0,0,1600,8,below average
746,7.210000038,1.975468993,34,0,1,1,0,1,1,0,1,0,1156,5,Average
747,8,2.079441547,18,0,1,0,0,1,1,0,1,1,324,12,Average
748,10.98999977,2.396985769,22,1,0,0,0,1,0,1,0,0,484,12,Average
749,4.46999979,1.497388363,12,0,1,0,0,1,1,0,0,0,144,12,below average
750,7.070000172,1.955860496,10,0,1,0,0,1,0,0,1,1,100,12,Average
751,1.659999967,0.506817579,15,0,1,0,0,1,0,0,0,1,225,12,Above average
752,7.929999828,2.070652962,39,1,1,0,0,1,0,1,0,0,1521,12,homely
753,5.230000019,1.654411316,18,1,1,0,0,0,0,1,0,0,324,12,Average
754,7.960000038,2.074429035,18,1,1,0,0,1,0,0,1,0,324,10,Average
755,7.03000021,1.950186729,16,1,1,0,0,1,0,1,0,0,256,12,below average
756,3.75,1.321755886,18,0,1,0,0,1,1,0,0,1,324,8,Average
757,5.289999962,1.665818214,4,0,1,0,0,0,0,0,1,0,16,13,Average
758,4.460000038,1.495148778,4,0,1,0,0,0,1,0,1,0,16,13,Average
759,7.960000038,2.074429035,39,0,1,0,0,1,0,1,0,1,1521,13,Average
760,5.449999809,1.69561553,16,0,1,0,0,1,1,0,1,0,256,12,Average
761,6.869999886,1.927164078,23,0,1,0,0,1,0,0,1,1,529,12,Average
762,10.30000019,2.332144022,14,1,1,0,0,1,0,0,1,0,196,17,Above average
763,8.010000229,2.080690861,12,0,1,0,0,1,0,1,0,0,144,16,Average
764,6.25,1.83258152,40,0,1,0,0,1,1,1,0,0,1600,13,Average
765,7.960000038,2.074429035,44,1,1,0,0,1,1,0,1,0,1936,10,Average
766,3.930000067,1.368639469,8,0,1,0,0,1,0,0,1,0,64,13,Average
767,7.75,2.047692776,23,1,1,0,0,1,0,0,0,0,529,5,Average
768,4.300000191,1.458615065,11,1,1,0,0,0,0,0,0,0,121,12,below average
769,4.900000095,1.589235187,8,1,1,0,0,1,0,0,0,0,64,12,Average
770,5.559999943,1.715598106,45,0,1,0,0,1,0,0,1,0,2025,10,Average
771,5.730000019,1.745715499,19,0,1,0,0,1,0,0,1,0,361,12,Average
772,5.699999809,1.740466118,19,0,1,0,0,1,1,0,0,1,361,13,Above average
773,4.570000172,1.519513249,7,0,1,0,0,0,0,0,0,0,49,12,below average
774,4.150000095,1.423108339,8,0,1,0,0,1,0,0,0,0,64,13,Above average
775,4.710000038,1.549687862,34,0,1,0,0,1,0,0,0,0,1156,12,Average
776,7.210000038,1.975468993,20,0,1,0,0,1,0,0,1,0,400,12,Above average
777,7.039999962,1.951608181,12,1,1,0,0,0,0,0,1,0,144,13,Average
778,1.480000019,0.3920421,13,0,1,0,0,0,0,0,0,1,169,12,below average
779,3.369999886,1.214912653,13,1,0,0,1,1,0,0,0,0,169,12,Above average
780,9.619999886,2.263844252,4,1,1,0,0,0,0,1,0,0,16,12,Average
781,3.75,1.321755886,3,0,1,0,0,0,0,0,0,0,9,12,Above average
782,7.139999866,1.965712786,17,1,1,0,0,1,0,1,0,0,289,12,Above average
783,6.989999771,1.944480538,10,0,1,0,0,1,0,1,0,1,100,13,Above average
784,8.460000038,2.135349274,26,1,1,0,0,1,0,1,0,0,676,10,Average
785,4.760000229,1.56024766,12,0,1,0,0,1,0,0,0,0,144,16,Average
786,3.900000095,1.360976577,2,0,1,1,1,0,0,0,1,0,4,13,Above average
787,5.769999981,1.752672076,11,0,1,0,0,1,0,0,1,1,121,14,Above average
788,8.739999771,2.167910099,19,0,1,0,0,1,0,0,1,1,361,12,Above average
789,6.559999943,1.880990624,4,0,1,0,0,0,0,0,0,0,16,16,Above average
790,4.239999771,1.44456327,9,0,1,0,0,0,0,1,0,0,81,13,Average
791,4.090000153,1.408545017,15,0,1,0,0,1,0,1,0,1,225,12,Above average
792,20.98999977,3.044046164,25,0,1,0,0,1,0,0,0,0,625,10,Average
793,7.690000057,2.039920807,7,0,1,0,0,1,0,0,1,0,49,12,Average
794,4.579999924,1.521698952,29,1,1,0,0,1,0,0,1,0,841,12,Average
795,6.489999771,1.870262504,28,1,0,0,0,1,0,0,1,0,784,12,Average
796,12.81999969,2.551006317,3,1,1,0,0,1,0,1,0,0,9,12,Average
797,9.619999886,2.263844252,9,1,1,0,0,1,0,1,0,0,81,13,Average
798,8.890000343,2.184926987,42,1,1,0,0,1,0,0,1,0,1764,12,Average
799,10.57999992,2.358965397,17,1,1,0,0,1,0,0,0,0,289,12,Average
800,7.210000038,1.975468993,29,0,1,0,0,0,0,0,0,0,841,5,Average
801,1.649999976,0.500775278,7,0,1,0,0,0,0,0,1,0,49,10,below average
802,10.57999992,2.358965397,15,1,1,0,0,1,0,0,1,0,225,12,Above average
803,3.039999962,1.111857533,15,1,1,0,0,1,0,0,0,0,225,12,Average
804,4.550000191,1.515127301,43,0,1,0,0,1,0,0,1,1,1849,10,Average
805,7.690000057,2.039920807,44,1,1,0,0,1,1,0,0,0,1936,10,Average
806,3,1.098612309,11,0,1,0,0,1,0,0,1,1,121,13,Average
807,12.02000046,2.486572027,31,1,1,0,0,1,0,1,0,0,961,12,Above average
808,5.989999771,1.790091395,21,1,1,0,0,1,1,1,0,0,441,14,Average
809,8.93999958,2.190535545,35,1,1,0,0,1,0,0,0,0,1225,13,Average
810,4,1.386294365,7,0,1,0,0,0,0,0,0,0,49,10,Above average
811,1.980000019,0.683096826,3,1,1,0,0,0,1,1,0,0,9,12,Average
812,1.269999981,0.239016891,0,0,1,0,1,0,0,0,1,0,0,10,Above average
813,5.570000172,1.717395067,10,0,1,0,0,1,0,0,1,1,100,5,Average
814,7.360000134,1.996059895,39,0,1,0,0,1,0,0,1,0,1521,12,below average
815,3.079999924,1.124929547,5,0,1,0,0,1,0,0,1,0,25,12,Average
816,9.640000343,2.265921116,36,1,1,0,0,1,1,0,1,0,1296,10,Average
817,5.090000153,1.627277851,18,0,1,0,0,1,0,0,0,1,324,10,Average
818,10.11999989,2.314513683,17,1,1,0,0,1,1,0,1,0,289,10,Average
819,9.619999886,2.263844252,40,1,1,1,0,0,0,1,0,0,1600,8,Average
820,5.769999981,1.752672076,5,1,1,0,0,1,0,1,0,0,25,12,Average
821,8.319999695,2.118662119,26,1,1,0,0,0,0,0,1,0,676,12,Above average
822,5.730000019,1.745715499,34,1,1,0,0,1,0,1,0,0,1156,12,below average
823,5.730000019,1.745715499,11,0,1,0,0,1,0,0,1,0,121,12,Average
824,7.210000038,1.975468993,43,1,1,0,0,1,0,1,0,0,1849,10,Average
825,8.779999733,2.172476292,24,1,1,0,0,1,0,0,1,0,576,12,Average
826,7.960000038,2.074429035,15,1,1,0,0,1,0,0,1,0,225,13,Average
827,9.619999886,2.263844252,11,1,1,0,0,1,0,0,1,0,121,12,Average
828,7.449999809,2.008213997,38,1,1,0,0,1,0,1,0,0,1444,12,Average
829,18.45999908,2.91560626,20,1,1,0,0,1,0,0,1,0,400,12,Average
830,8.850000381,2.180417538,9,1,1,0,0,1,0,0,1,0,81,12,Above average
831,8,2.079441547,7,0,1,0,0,0,0,0,0,0,49,10,Average
832,5.730000019,1.745715499,47,0,1,0,0,1,1,0,1,0,2209,10,Average
833,10.60999966,2.361796856,17,1,1,0,0,1,0,1,0,0,289,13,Average
834,6.840000153,1.922787786,45,1,1,0,0,1,0,1,0,0,2025,13,Average
835,7.78000021,2.051556349,9,1,1,0,0,1,0,0,1,0,81,12,Above average
836,4.210000038,1.437462687,18,0,1,0,0,0,0,0,1,0,324,10,Average
837,10.11999989,2.314513683,28,1,1,0,0,1,0,0,0,0,784,12,Average
838,5.559999943,1.715598106,10,0,1,0,0,1,0,1,0,0,100,13,homely
839,5.769999981,1.752672076,24,0,1,0,0,0,0,1,0,0,576,10,below average
840,3.849999905,1.348073125,14,0,1,0,0,1,0,0,0,0,196,12,Average
841,4.329999924,1.46556747,31,0,1,0,0,0,0,0,0,0,961,8,Average
842,4.090000153,1.408545017,3,0,1,1,1,0,0,0,0,0,9,10,Average
843,7.690000057,2.039920807,9,1,0,0,0,1,0,1,0,0,81,12,homely
844,6.980000019,1.943048954,38,1,1,0,0,1,0,0,0,0,1444,14,Average
845,5.690000057,1.738710284,35,1,1,0,1,1,0,0,1,0,1225,8,Average
846,1.200000048,0.182321593,5,0,1,0,1,1,0,0,1,0,25,12,Average
847,7.480000019,2.01223278,3,1,1,0,0,0,0,0,1,0,9,16,Average
848,3.130000114,1.141033053,5,0,1,1,1,1,0,0,0,0,25,12,Above average
849,5.610000134,1.724550724,13,0,1,0,0,1,0,0,0,0,169,12,Average
850,3.269999981,1.184790015,4,0,1,0,1,0,1,0,1,0,16,12,Average
851,6.25,1.83258152,10,1,1,0,0,1,0,0,1,0,100,12,Above average
852,7.690000057,2.039920807,10,1,1,0,0,1,0,0,1,0,100,13,Above average
853,4,1.386294365,23,1,1,0,1,0,0,0,1,0,529,12,below average
854,4.659999847,1.539015412,38,0,1,0,1,0,0,0,1,0,1444,10,Above average
855,3.819999933,1.340250373,4,0,1,0,0,1,0,0,0,0,16,10,Average
856,5.239999771,1.656321406,13,1,1,0,0,1,0,1,0,0,169,12,Above average
857,5.130000114,1.635105729,35,1,0,0,1,1,0,0,0,0,1225,10,Average
858,3.369999886,1.214912653,2,1,1,0,1,0,0,1,0,0,4,12,below average
859,6.409999847,1.857859254,5,1,1,0,1,0,0,0,1,0,25,13,below average
860,4.809999943,1.570697069,13,1,1,0,1,1,0,0,1,0,169,12,Average
861,5.610000134,1.724550724,25,1,1,0,0,1,0,0,1,0,625,13,Above average
862,7.96999979,2.075684547,9,1,1,0,0,1,0,0,1,0,81,13,Above average
863,3.75,1.321755886,20,0,1,0,1,1,0,0,0,0,400,13,below average
864,5.150000095,1.63899672,10,1,1,0,1,1,0,0,1,0,100,10,Above average
865,5.769999981,1.752672076,17,1,1,0,0,1,0,1,0,0,289,12,Above average
866,4.940000057,1.597365379,46,1,1,0,0,1,0,0,0,0,2116,12,Average
867,3.75,1.321755886,3,0,1,0,0,0,0,0,1,0,9,12,Average
868,1.980000019,0.683096826,23,0,1,0,0,1,0,1,0,0,529,10,Above average
869,2.519999981,0.924258888,3,0,1,0,1,0,0,0,1,0,9,8,Above average
870,2.930000067,1.075002432,42,0,1,1,1,0,0,0,1,0,1764,12,Average
871,5.090000153,1.627277851,35,1,1,0,0,1,0,0,0,0,1225,5,Average
872,2.400000095,0.875468791,4,0,1,0,0,0,1,0,1,0,16,13,Above average
873,4.869999886,1.583093882,12,1,1,0,0,0,0,0,0,0,144,10,Average
874,6.590000153,1.88555336,20,0,1,1,0,1,0,0,1,0,400,13,Average
875,1.200000048,0.182321593,4,0,1,0,1,1,0,0,1,0,16,12,Average
876,3.329999924,1.202972293,8,0,1,0,1,0,0,0,1,0,64,12,Above average
877,1.960000038,0.672944486,1,0,1,0,1,0,0,0,1,0,1,13,below average
878,2.730000019,1.004301667,41,0,1,0,0,1,0,0,1,0,1681,8,homely
879,2.630000114,0.966983914,0,1,1,0,1,1,1,0,1,0,0,10,below average
880,3.75,1.321755886,1,0,1,0,0,0,0,0,0,0,1,10,Average
881,3.079999924,1.124929547,8,1,1,1,1,1,0,1,0,1,64,10,Average
882,4.269999981,1.451613784,44,0,0,0,0,1,1,0,0,1,1936,12,Above average
883,4.5,1.504077435,11,0,1,0,0,1,0,1,0,0,121,8,Above average
884,5.53000021,1.710187912,8,0,1,0,0,1,0,0,1,0,64,12,below average
885,4.090000153,1.408545017,5,1,1,1,0,1,0,1,0,0,25,12,Above average
886,4.550000191,1.515127301,5,0,1,0,0,1,0,0,1,0,25,12,Average
887,18.73999977,2.930660248,7,0,0,0,0,1,0,0,1,0,49,10,below average
888,4.119999886,1.415853143,12,0,1,0,0,1,0,0,1,0,144,16,Average
889,5.769999981,1.752672076,20,1,0,0,0,1,0,0,0,0,400,5,Above average
890,4.809999943,1.570697069,3,1,1,0,0,0,0,0,0,0,9,12,Average
891,5.769999981,1.752672076,6,0,1,0,0,1,0,0,0,0,36,12,Average
892,4.809999943,1.570697069,42,1,1,0,1,1,0,0,1,0,1764,5,Average
893,8.649999619,2.157559395,22,1,1,0,0,1,1,0,1,0,484,12,Average
894,1.919999957,0.652325153,3,0,1,0,1,1,0,0,0,0,9,10,Above average
895,5.929999828,1.780024171,29,0,0,0,0,1,0,0,0,0,841,8,Above average
896,6.010000229,1.793424845,8,1,1,0,0,1,0,1,0,0,64,12,Average
897,3.349999905,1.208960295,4,0,1,0,0,0,0,0,1,0,16,12,Average
898,6.010000229,1.793424845,32,0,1,0,0,1,0,0,0,0,1024,8,Average
899,2.960000038,1.085189223,2,1,1,0,0,0,1,0,1,0,4,12,Above average
900,10.81999969,2.381396294,24,0,1,0,0,1,0,0,1,0,576,16,Average
901,4.809999943,1.570697069,23,0,1,0,0,1,0,0,1,0,529,12,Above average
902,8.789999962,2.17361474,40,0,1,0,0,1,0,1,0,0,1600,12,Average
903,11.60000038,2.45100522,14,1,0,0,0,1,0,0,1,0,196,12,Average
904,4.809999943,1.570697069,5,1,1,0,0,0,0,1,0,0,25,12,Above average
905,3.75,1.321755886,44,1,1,0,0,1,0,0,0,0,1936,8,Above average
906,5.289999962,1.665818214,12,1,1,0,0,1,0,1,0,0,144,16,Above average
907,6.5,1.871802211,9,1,1,0,0,1,0,0,1,0,81,12,Average
908,5.820000172,1.761300325,30,1,1,0,0,1,0,0,0,0,900,10,Above average
909,1.789999962,0.582215607,2,1,1,0,0,0,0,1,0,0,4,12,Average
910,4.28000021,1.453953028,3,1,1,0,0,0,0,0,0,0,9,12,Above average
911,1.980000019,0.683096826,25,0,0,0,1,1,0,0,0,0,625,10,Average
912,2.309999943,0.837247491,9,0,1,0,1,1,0,0,1,0,81,12,Average
913,3.5,1.252762914,10,1,1,1,1,1,0,0,0,0,100,10,Average
914,4.369999886,1.474763036,2,0,1,0,1,1,0,0,0,0,4,12,Average
915,2.25999999,0.815364838,23,1,0,0,1,1,0,0,0,0,529,8,Average
916,3.75,1.321755886,19,0,1,0,1,0,0,0,1,0,361,10,below average
917,3.75,1.321755886,34,0,0,0,1,1,0,0,0,0,1156,12,Average
918,2.640000105,0.970778942,8,0,1,0,1,1,0,0,0,0,64,12,Above average
919,2.25999999,0.815364838,21,1,1,0,1,0,0,0,1,0,441,10,Average
920,1.830000043,0.604315996,11,0,0,0,1,1,0,0,0,0,121,10,Above average
921,2.880000114,1.057790279,20,0,0,0,1,0,0,0,0,0,400,13,Average
922,1.980000019,0.683096826,10,0,0,0,1,0,0,0,0,0,100,5,Average
923,1.980000019,0.683096826,27,0,0,0,1,1,0,0,1,0,729,10,below average
924,1.980000019,0.683096826,25,0,1,0,1,1,0,0,0,0,625,8,Average
925,3.369999886,1.214912653,9,0,1,0,1,1,0,0,0,0,81,10,below average
926,1.980000019,0.683096826,19,1,1,0,1,0,0,0,0,0,361,8,Average
927,1.919999957,0.652325153,26,0,0,0,1,1,0,0,0,0,676,5,Average
928,3.369999886,1.214912653,11,0,1,0,1,1,0,0,0,0,121,10,Average
929,3.75,1.321755886,36,1,1,0,0,1,0,0,1,0,1296,5,Above average
930,3.75,1.321755886,6,0,1,0,1,1,1,1,0,0,36,12,Above average
931,6.590000153,1.88555336,33,0,1,0,0,1,0,0,1,0,1089,12,Average
932,3.75,1.321755886,35,0,1,1,0,1,0,0,0,0,1225,10,Average
933,7.960000038,2.074429035,42,0,0,0,0,1,0,0,1,0,1764,10,Average
934,3.75,1.321755886,28,0,1,0,0,1,0,0,1,1,784,12,below average
935,6.610000134,1.88858366,11,1,1,0,0,1,0,0,1,0,121,12,Average
936,8.649999619,2.157559395,42,1,1,1,0,1,0,1,0,0,1764,10,Average
937,5.019999981,1.613429904,33,0,1,0,0,1,0,1,0,0,1089,12,below average
938,11.53999996,2.445819139,42,1,1,0,0,0,1,0,0,0,1764,10,Average
939,5.900000095,1.774952412,25,0,1,0,0,1,0,0,1,0,625,12,Average
940,3.75,1.321755886,6,0,1,1,0,1,0,0,0,0,36,8,Average
941,8.699999809,2.163322926,41,1,1,0,0,1,1,1,0,0,1681,12,Above average
942,21.54000092,3.069911718,34,0,1,0,0,1,1,0,1,0,1156,12,Average
943,3.269999981,1.184790015,27,0,0,0,1,1,0,0,0,0,729,12,Average
944,3.299999952,1.1939224,17,0,1,0,1,0,0,0,0,0,289,10,Average
945,5.489999771,1.702928185,44,1,1,0,0,1,0,0,1,0,1936,12,Average
946,2.400000095,0.875468791,42,1,1,0,1,0,0,1,0,0,1764,10,Average
947,4.090000153,1.408545017,1,1,1,0,0,0,0,1,0,0,1,12,Average
948,1.980000019,0.683096826,35,0,1,1,0,1,0,0,0,0,1225,5,Above average
949,7.210000038,1.975468993,42,1,1,0,0,1,0,0,0,0,1764,10,Average
950,8.5,2.140066147,4,1,1,0,0,1,1,0,1,0,16,16,Average
951,1.980000019,0.683096826,1,0,1,0,1,1,0,0,0,0,1,8,Average
952,7.179999828,1.97129941,18,1,1,0,0,1,0,0,0,0,324,10,Average
953,4.809999943,1.570697069,6,0,1,0,0,1,0,0,0,0,36,16,handsome
954,5.239999771,1.656321406,15,1,1,0,0,1,0,1,0,0,225,12,Average
955,9.130000114,2.211565733,24,0,1,0,0,1,0,0,0,0,576,12,Above average
956,3.75,1.321755886,25,0,1,0,1,1,0,0,1,0,625,12,Average
957,7.690000057,2.039920807,40,1,1,1,0,0,0,1,0,0,1600,12,Above average
958,8.600000381,2.151762247,31,1,1,1,0,1,0,0,0,0,961,5,Above average
959,5.289999962,1.665818214,20,0,1,0,0,1,0,0,0,0,400,10,below average
960,2.400000095,0.875468791,0,1,0,0,0,0,1,0,1,0,0,8,below average
961,3.210000038,1.166270971,5,0,0,0,0,1,0,0,0,0,25,12,Average
962,6.670000076,1.897619843,15,1,1,0,1,1,0,0,0,0,225,10,below average
963,3.849999905,1.348073125,5,1,1,1,0,1,0,0,1,0,25,13,Above average
964,8.489999771,2.138889074,36,0,1,0,0,1,0,0,1,0,1296,12,Average
965,7.210000038,1.975468993,18,1,1,0,0,1,0,0,1,0,324,10,below average
966,3.329999924,1.202972293,22,0,1,0,0,1,0,0,1,1,484,13,below average
967,4.269999981,1.451613784,2,1,1,0,1,0,0,0,0,0,4,12,Average
968,2.880000114,1.057790279,4,0,1,0,0,0,0,0,1,0,16,13,Above average
969,4.090000153,1.408545017,10,0,1,0,0,1,0,1,0,0,100,12,below average
970,2.75,1.011600971,36,0,1,1,1,1,0,0,0,0,1296,10,Average
971,4.119999886,1.415853143,9,1,1,1,1,0,0,0,0,0,81,8,Above average
972,9.619999886,2.263844252,15,1,1,0,0,1,0,0,1,0,225,12,Above average
973,5.53000021,1.710187912,5,0,1,0,0,1,1,0,1,0,25,12,Average
974,4.010000229,1.388791323,5,0,1,0,1,1,0,0,0,0,25,13,Average
975,3.410000086,1.226712346,4,0,1,0,0,1,0,0,0,0,16,14,Average
976,6.920000076,1.934415817,3,0,1,0,0,1,0,1,0,0,9,12,Average
977,3.75,1.321755886,12,0,0,1,1,1,0,0,0,0,144,12,Average
978,7.960000038,2.074429035,5,1,1,0,0,0,1,0,1,0,25,12,Above average
979,3.75,1.321755886,6,1,1,1,1,1,0,0,0,0,36,8,Above average
980,4.28000021,1.453953028,7,1,1,0,1,0,0,0,0,0,49,12,Average
981,2.309999943,0.837247491,35,1,1,0,0,1,0,0,0,0,1225,5,homely
982,3.799999952,1.335001111,15,1,0,0,1,1,0,0,1,0,225,12,Average
983,4.090000153,1.408545017,5,0,1,0,0,0,0,0,0,0,25,12,Average
984,3.849999905,1.348073125,12,1,1,0,1,1,0,0,0,0,144,12,Average
985,3.75,1.321755886,23,1,1,0,1,1,0,1,0,0,529,10,below average
986,3,1.098612309,10,1,1,1,0,0,0,0,0,0,100,12,Above average
987,3.960000038,1.376244068,1,1,1,1,0,0,0,0,0,0,1,16,Average
988,8.550000191,2.145931244,20,1,1,0,0,1,0,0,0,0,400,12,Average
989,3.75,1.321755886,14,1,1,1,0,1,0,0,1,0,196,10,Above average
990,6,1.791759491,1,0,1,0,0,1,0,0,0,0,1,8,Average
991,4.809999943,1.570697069,6,1,1,0,0,1,1,0,1,0,36,12,below average
992,2.5,0.91629076,26,0,1,0,0,1,0,0,0,0,676,12,Average
993,4.320000172,1.463255405,18,1,1,1,1,0,0,0,1,0,324,10,Average
994,1.269999981,0.239016891,4,0,1,0,0,0,0,0,1,0,16,12,Average
995,5.769999981,1.752672076,13,1,1,0,1,1,0,0,1,0,169,12,below average
996,4.199999809,1.435084462,33,1,1,0,0,1,0,0,1,0,1089,10,below average
997,13.73999977,2.62031126,28,1,1,0,0,1,0,0,1,0,784,12,Average
998,2.559999943,0.94000721,4,0,1,0,0,1,0,0,0,0,16,16,Average
999,5.130000114,1.635105729,42,1,1,0,0,1,0,1,0,0,1764,13,Above average
1000,7.210000038,1.975468993,39,1,1,0,0,1,0,1,0,0,1521,5,Average
1001,4.239999771,1.44456327,7,0,1,0,0,1,0,0,1,1,49,13,Average
1002,4.099999905,1.4109869,38,0,1,0,0,1,0,0,1,0,1444,12,below average
1003,8.5,2.140066147,19,1,1,0,0,1,1,0,0,0,361,12,Average
1004,5.940000057,1.781709194,29,1,1,0,0,1,0,1,0,0,841,12,Average
1005,10.53999996,2.355177641,35,1,1,1,0,1,0,1,0,0,1225,10,Average
1006,3.5,1.252762914,18,0,1,0,0,1,0,0,1,0,324,10,Average
1007,5.949999809,1.783391237,8,1,1,0,0,1,1,0,1,0,64,13,Average
1008,8.890000343,2.184926987,20,1,1,0,0,1,0,0,1,0,400,13,Above average
1009,5.730000019,1.745715499,34,1,1,0,0,1,0,0,0,0,1156,5,below average
1010,1.049999952,0.04879012,29,0,1,1,0,1,0,0,0,0,841,5,Average
1011,3.849999905,1.348073125,8,1,1,0,0,1,0,0,1,0,64,13,Above average
1012,2.880000114,1.057790279,4,0,1,0,0,0,1,0,1,0,16,12,Average
1013,8.43999958,2.132982254,15,1,1,0,0,1,0,0,0,0,225,12,Above average
1014,3.609999895,1.283707738,6,0,1,0,0,0,0,0,0,0,36,12,handsome
1015,5.769999981,1.752672076,20,1,1,0,0,0,0,0,0,0,400,12,Average
1016,3.329999924,1.202972293,35,1,1,1,0,1,0,1,0,0,1225,8,Average
1017,7.960000038,2.074429035,44,0,0,0,0,1,0,0,0,0,1936,5,below average
1018,4.489999771,1.501852632,17,1,1,0,0,1,0,0,0,0,289,10,handsome
1019,2.380000114,0.867100537,3,0,1,0,0,0,0,0,1,0,9,13,Above average
1020,5.079999924,1.625311255,40,1,1,0,0,1,0,0,1,0,1600,12,Average
1021,5.309999943,1.669591784,18,0,1,0,0,1,0,1,0,0,324,12,Above average
1022,5.309999943,1.669591784,23,1,1,0,0,0,0,0,1,0,529,12,Average
1023,6.539999962,1.877937198,10,0,1,0,0,1,0,0,0,0,100,10,Above average
1024,7.429999828,2.005525827,18,1,1,1,0,0,1,0,1,0,324,10,Average
1025,5.289999962,1.665818214,42,1,1,0,0,1,0,0,0,0,1764,12,Average
1026,11.09000015,2.406043768,38,1,1,0,0,1,0,0,1,0,1444,8,Average
1027,3.329999924,1.202972293,5,0,1,1,0,0,0,0,0,0,25,13,Above average
1028,3.269999981,1.184790015,25,0,1,0,0,1,1,0,0,0,625,8,below average
1029,3.849999905,1.348073125,26,1,1,0,0,1,0,0,0,0,676,8,below average
1030,8.039999962,2.084429026,11,0,1,0,0,1,0,0,1,0,121,12,Average
1031,4.619999886,1.530394673,16,0,1,0,0,1,0,0,0,0,256,10,Average
1032,7.960000038,2.074429035,40,1,1,0,0,1,0,0,0,0,1600,5,Above average
1033,4.849999905,1.578978658,7,0,1,0,0,1,1,0,0,0,49,12,Above average
1034,6.96999979,1.941615224,17,0,1,0,0,0,0,0,1,0,289,12,Average
1035,4.809999943,1.570697069,44,0,1,0,0,1,0,1,0,0,1936,12,Average
1036,3.019999981,1.105256796,6,0,0,0,0,1,0,0,1,0,36,12,Average
1037,3.980000019,1.381281853,8,0,1,0,0,1,0,0,1,0,64,12,Average
1038,5.559999943,1.715598106,31,0,1,0,0,0,0,0,1,0,961,12,Average
1039,7.320000172,1.990610361,26,1,1,0,0,1,0,0,1,0,676,12,Average
1040,7.690000057,2.039920807,20,1,1,0,0,1,0,0,1,0,400,10,Average
1041,6.289999962,1.838961005,22,0,1,0,0,1,0,0,1,0,484,13,below average
1042,9.619999886,2.263844252,11,1,1,0,0,1,1,0,1,0,121,12,Average
1043,7.630000114,2.032087803,8,0,1,0,0,1,0,0,1,0,64,13,Above average
1044,4.289999962,1.456286669,40,1,1,0,0,1,0,0,0,0,1600,5,Average
1045,25.63999939,3.2441535,13,0,1,0,0,1,0,0,0,0,169,10,Average
1046,4.239999771,1.44456327,3,0,1,0,0,0,0,1,0,0,9,12,Above average
1047,3.869999886,1.353254437,10,0,1,0,0,1,0,0,1,0,100,12,Above average
1048,5.730000019,1.745715499,18,1,1,0,0,1,0,0,1,0,324,10,Average
1049,3.5,1.252762914,5,0,1,0,1,1,0,0,0,0,25,12,Average
1050,5.050000191,1.619388223,16,1,1,1,0,1,0,1,0,0,256,10,Average
1051,7.960000038,2.074429035,10,1,1,0,0,1,1,0,1,0,100,12,Average
1052,7.960000038,2.074429035,10,1,1,0,0,1,0,0,1,0,100,12,Above average
1053,3.410000086,1.226712346,3,1,1,0,0,0,0,0,0,0,9,12,Average
1054,5.730000019,1.745715499,40,1,1,0,0,0,0,0,0,0,1600,8,Average
1055,8.890000343,2.184926987,35,0,1,0,0,1,1,0,0,0,1225,12,Average
1056,4.809999943,1.570697069,28,1,1,0,0,1,0,0,0,0,784,10,Average
1057,4.809999943,1.570697069,16,0,1,0,0,1,0,0,0,0,256,14,Average
1058,3.75,1.321755886,19,0,1,1,0,0,0,0,1,0,361,12,Average
1059,13.40999985,2.596000671,11,1,1,0,0,1,0,0,0,0,121,10,Above average
1060,5.090000153,1.627277851,10,0,1,0,0,1,0,0,0,0,100,12,below average
1061,2.880000114,1.057790279,4,1,1,1,0,0,0,0,1,0,16,12,Above average
1062,3.210000038,1.166270971,2,0,1,1,0,0,1,0,1,0,4,14,Above average
1063,4.550000191,1.515127301,5,0,1,0,0,0,0,0,0,0,25,12,Average
1064,5.769999981,1.752672076,31,1,1,0,0,0,1,0,0,0,961,10,below average
1065,8.850000381,2.180417538,28,1,1,0,0,1,1,1,0,0,784,14,Average
1066,4.409999847,1.483874679,9,1,1,0,0,1,0,1,0,0,81,10,Average
1067,4.269999981,1.451613784,12,0,1,0,0,1,0,0,1,0,144,13,Average
1068,10.11999989,2.314513683,17,0,1,0,0,1,0,0,1,0,289,13,Average
1069,5.289999962,1.665818214,37,0,1,1,0,1,1,0,1,0,1369,13,Average
1070,5.730000019,1.745715499,35,1,1,0,0,1,0,0,0,0,1225,8,below average
1071,7.630000114,2.032087803,35,1,1,0,0,1,1,0,1,0,1225,12,Average
1072,7.690000057,2.039920807,10,1,1,0,0,1,1,0,1,0,100,13,Above average
1073,6.079999924,1.805004716,42,1,0,0,0,1,0,0,0,0,1764,12,Average
1074,7.489999771,2.013568878,27,1,1,0,0,0,0,0,1,0,729,12,Average
1075,6.369999886,1.851599455,5,1,1,0,0,1,1,1,0,0,25,13,Average
1076,6.409999847,1.857859254,5,1,1,0,1,0,0,0,1,0,25,12,Average
1077,1.980000019,0.683096826,3,0,1,0,0,0,0,0,0,0,9,12,Average
1078,3.849999905,1.348073125,37,0,0,1,0,0,0,0,1,0,1369,5,Average
1079,7.050000191,1.953027606,14,0,1,0,0,0,0,0,1,0,196,12,Average
1080,5.130000114,1.635105729,21,0,1,0,0,1,0,0,0,0,441,13,Average
1081,6.349999905,1.848454833,7,1,1,0,0,1,0,0,1,0,49,10,Average
1082,6.690000057,1.900613904,27,1,1,0,0,1,1,0,0,0,729,12,Average
1083,4.619999886,1.530394673,1,0,1,0,0,0,0,0,1,0,1,13,Average
1084,5.019999981,1.613429904,31,0,1,0,0,1,1,0,1,0,961,13,Average
1085,4.230000019,1.442201972,42,0,1,0,0,1,1,0,1,1,1764,5,below average
1086,4.329999924,1.46556747,45,0,0,1,0,1,0,1,0,0,2025,5,Average
1087,6.539999962,1.877937198,34,1,1,0,0,1,0,0,1,0,1156,10,Average
1088,7.130000114,1.964311242,9,1,1,0,0,0,0,0,1,0,81,13,Above average
1089,3.849999905,1.348073125,3,0,1,0,0,1,1,0,1,1,9,10,Above average
1090,2.170000076,0.774727225,2,0,1,0,1,1,1,0,0,0,4,10,Average
1091,5.289999962,1.665818214,36,1,1,1,0,1,0,1,0,0,1296,10,Average
1092,6.489999771,1.870262504,27,1,1,0,1,1,0,0,1,0,729,12,Average
1093,10.18999958,2.321406841,39,0,1,0,0,1,0,0,0,0,1521,12,Above average
1094,5.789999962,1.756132245,9,0,1,0,0,1,0,0,0,0,81,16,Above average
1095,3.819999933,1.340250373,47,0,1,0,0,0,0,0,0,0,2209,12,Average
1096,12.53999996,2.528923512,13,0,1,0,0,1,0,0,0,0,169,12,Average
1097,7.690000057,2.039920807,28,0,1,0,0,1,0,0,0,0,784,10,Average
1098,8.550000191,2.145931244,26,0,1,0,0,1,0,0,0,0,676,12,Average
1099,5.920000076,1.778336406,34,0,1,0,0,1,0,0,0,0,1156,12,below average
1100,13.73999977,2.62031126,28,0,1,0,0,1,0,0,0,0,784,12,Above average
1101,2.119999886,0.751416028,17,0,1,0,1,1,0,0,0,0,289,14,below average
1102,16.13999939,2.781300545,10,0,1,0,0,1,0,0,0,0,100,13,below average
1103,1.320000052,0.277631789,21,0,0,0,0,1,0,0,0,0,441,10,Average
1104,1.789999962,0.582215607,15,0,1,0,0,1,0,0,0,0,225,12,Above average
1105,2.319999933,0.841567159,15,0,1,0,0,1,0,0,0,0,225,13,Above average
1106,3.700000048,1.308332801,11,0,1,0,0,1,0,0,0,0,121,12,Average
1107,6.75,1.909542561,37,0,1,0,0,1,0,0,0,0,1369,10,Average
1108,8.43999958,2.132982254,43,0,1,0,0,1,0,0,0,0,1849,5,Average
1109,26.23999977,3.26728487,37,0,1,0,0,1,0,0,0,0,1369,12,below average
1110,8.880000114,2.183801651,24,0,1,0,0,1,0,0,0,0,576,12,Average
1111,2.5,0.91629076,17,0,1,0,0,1,0,0,0,0,289,10,Average
1112,7.28000021,1.985130906,16,0,1,0,0,1,0,0,0,0,256,12,Average
1113,7.840000153,2.059238911,36,0,1,0,0,1,0,0,0,0,1296,12,Average
1114,26.23999977,3.26728487,37,0,1,0,0,1,0,0,0,0,1369,12,Average
1115,6.329999924,1.845300198,38,0,1,0,0,1,0,0,0,0,1444,8,Average
1116,4.159999847,1.425515056,9,0,1,0,0,1,0,0,0,0,81,12,Above average
1117,3.210000038,1.166270971,36,0,1,0,0,1,1,0,0,0,1296,5,Above average
1118,2.019999981,0.703097522,41,0,1,0,1,0,0,0,1,0,1681,5,below average
1119,9.229999542,2.222459078,10,1,1,0,0,1,0,1,0,0,100,12,Average
1120,2.680000067,0.985816836,33,0,1,0,0,1,0,0,0,0,1089,5,Average
1121,8.649999619,2.157559395,5,0,1,0,1,1,0,0,0,0,25,14,Above average
1122,2.079999924,0.732367873,1,0,1,0,1,0,0,0,0,1,1,12,Above average
1123,6.25,1.83258152,47,0,0,1,1,1,0,0,1,0,2209,5,Above average
1124,1.919999957,0.652325153,8,0,1,0,0,1,0,0,0,0,64,12,below average
1125,3.079999924,1.124929547,6,0,1,0,0,1,0,0,0,1,36,10,below average
1126,2.109999895,0.746687889,12,0,1,0,1,1,0,1,0,1,144,12,Average
1127,3.460000038,1.241268635,26,0,1,0,1,0,1,0,0,1,676,5,homely
1128,4.809999943,1.570697069,14,1,1,0,0,1,0,0,1,0,196,10,Average
1129,3.369999886,1.214912653,13,1,1,0,1,0,1,0,1,1,169,5,Average
1130,5.769999981,1.752672076,39,1,1,0,0,1,0,0,0,0,1521,5,below average
1131,3.339999914,1.205970764,10,0,1,0,0,1,0,0,1,1,100,13,below average
1132,7.260000229,1.982379913,27,1,0,0,0,1,0,0,1,0,729,10,Average
1133,3.730000019,1.316408277,5,0,1,0,0,1,0,1,0,0,25,13,Average
1134,2.210000038,0.792992532,6,1,1,0,1,0,0,0,1,0,36,12,Average
1135,2.920000076,1.071583629,32,0,0,0,0,1,0,0,0,1,1024,8,Average
1136,3.529999971,1.261297822,1,1,1,1,0,1,0,0,1,1,1,8,Above average
1137,1.799999952,0.587786615,8,0,1,0,1,1,0,0,1,0,64,12,Above average
1138,2.599999905,0.955511391,15,0,1,0,1,1,0,0,1,1,225,10,Above average
1139,1.169999957,0.157003716,1,0,1,1,0,0,0,0,1,0,1,12,below average
1140,1.879999995,0.63127178,25,1,1,0,1,0,0,0,0,0,625,10,Average
1141,2.880000114,1.057790279,15,1,1,1,1,1,0,1,0,0,225,10,Average
1142,1.919999957,0.652325153,7,0,1,0,1,1,0,0,1,0,49,12,Above average
1143,1.879999995,0.63127178,1,0,1,0,1,0,0,1,0,0,1,12,Above average
1144,3.369999886,1.214912653,12,0,1,0,1,1,0,0,0,1,144,12,Average
1145,1.820000052,0.598836541,3,0,1,0,1,0,0,0,1,1,9,10,Average
1146,1.460000038,0.378436476,2,0,1,1,0,1,0,0,1,0,4,10,Above average
1147,2.25999999,0.815364838,3,0,1,0,1,1,1,0,1,1,9,10,Average
1148,2.069999933,0.727548599,2,0,1,0,1,0,1,0,1,0,4,12,below average
1149,3.539999962,1.264126658,16,0,1,0,0,1,0,0,1,0,256,13,Average
1150,1.25999999,0.23111172,32,0,1,1,1,0,0,0,0,0,1024,5,homely
1151,2.25999999,0.815364838,20,0,1,0,1,1,0,0,0,1,400,10,Average
1152,3.950000048,1.373715639,17,0,1,0,1,1,0,0,0,1,289,12,Average
1153,2.650000095,0.974559665,15,0,1,0,1,0,0,0,0,0,225,5,Average
1154,3.75,1.321755886,19,0,1,0,1,1,1,1,0,1,361,8,below average
1155,2.25999999,0.815364838,37,1,0,0,0,0,0,0,1,0,1369,5,Average
1156,2.190000057,0.783901572,29,1,1,1,1,0,0,0,1,1,841,10,Average
1157,2.190000057,0.783901572,5,0,0,0,1,0,1,0,0,1,25,13,below average
1158,3.210000038,1.166270971,7,0,1,0,1,0,0,0,1,0,49,5,Average
1159,2.470000029,0.904218137,23,0,1,0,1,0,0,0,0,0,529,5,below average
1160,3,1.098612309,5,0,1,0,1,0,0,0,1,0,25,12,Above average
1161,3.75,1.321755886,29,0,1,0,0,0,0,0,1,1,841,8,Average
1162,2,0.693147182,13,0,1,0,1,0,0,0,1,0,169,12,Average
1163,2.25999999,0.815364838,10,0,1,0,1,1,0,0,1,0,100,12,below average
1164,2.880000114,1.057790279,12,0,1,0,1,1,0,0,0,0,144,13,Above average
1165,4.690000057,1.545432568,7,1,1,0,1,1,0,0,1,0,49,12,Average
1166,3.950000048,1.373715639,9,0,1,0,1,1,0,1,0,0,81,12,Average
1167,6.539999962,1.877937198,4,0,1,0,0,1,1,1,0,0,16,12,Average
1168,3.569999933,1.272565603,26,0,1,0,1,0,0,0,1,1,676,12,Average
1169,5.309999943,1.669591784,15,0,1,0,0,1,0,0,1,1,225,17,Average
1170,2.630000114,0.966983914,19,0,1,0,1,1,0,0,0,0,361,10,Above average
1171,4.329999924,1.46556747,22,0,0,0,0,1,0,1,0,0,484,16,Average
1172,2.25,0.810930192,12,0,1,1,1,0,0,0,0,0,144,5,homely
1173,2.75,1.011600971,11,0,1,0,1,1,1,0,1,0,121,10,Average
1174,3.289999962,1.19088757,6,1,1,0,1,1,0,0,1,1,36,12,Average
1175,5.769999981,1.752672076,13,0,1,0,0,1,0,1,0,0,169,14,Above average
1176,4.739999771,1.556037068,8,0,1,0,1,0,0,0,1,1,64,13,Above average
1177,4.119999886,1.415853143,7,0,1,0,1,0,1,0,1,1,49,13,Average
1178,2.890000105,1.061256528,12,0,1,1,1,0,0,1,0,1,144,10,Average
1179,6.960000038,1.940179467,11,1,1,0,0,1,0,1,0,0,121,13,Average
1180,6.409999847,1.857859254,41,0,1,0,0,1,1,0,1,1,1681,12,below average
1181,4.28000021,1.453953028,7,1,1,0,1,1,0,1,0,1,49,12,Average
1182,1.279999971,0.246860057,9,0,1,0,1,1,0,0,1,1,81,13,Above average
1183,2.559999943,0.94000721,40,1,1,0,1,0,0,0,0,1,1600,10,Average
1184,4.619999886,1.530394673,7,0,1,1,1,1,0,0,0,1,49,14,Above average
1185,1.980000019,0.683096826,9,0,1,0,1,1,0,0,1,1,81,12,Average
1186,1.919999957,0.652325153,13,0,1,0,1,0,0,0,0,1,169,13,Above average
1187,1.799999952,0.587786615,33,0,0,0,1,1,1,1,0,1,1089,13,below average
1188,1.980000019,0.683096826,17,0,1,0,1,0,0,0,1,1,289,14,Average
1189,2,0.693147182,3,0,1,1,1,0,0,0,0,1,9,13,below average
1190,2.109999895,0.746687889,8,0,1,0,1,0,0,0,0,1,64,16,Average
1191,2.109999895,0.746687889,3,0,1,0,1,1,0,0,0,1,9,10,Above average
1192,2.769999981,1.018847346,9,0,1,0,0,0,1,0,1,1,81,13,Average
1193,3.460000038,1.241268635,30,0,1,0,1,0,0,0,0,0,900,10,Average
1194,6,1.791759491,5,0,1,0,1,0,1,1,0,1,25,13,Above average
1195,4.809999943,1.570697069,13,0,1,1,0,1,0,0,1,1,169,12,Average
1196,2.329999924,0.84586823,5,0,1,0,1,1,0,0,0,1,25,12,below average
1197,3.569999933,1.272565603,9,0,1,0,1,0,0,1,0,1,81,16,Above average
1198,1.980000019,0.683096826,8,0,1,0,1,0,1,0,1,1,64,13,Average
1199,5.130000114,1.635105729,20,0,1,1,1,1,0,1,0,0,400,10,below average
1200,4.46999979,1.497388363,3,0,1,0,1,0,0,0,1,1,9,13,Average
1201,2.069999933,0.727548599,5,1,1,0,1,0,1,0,1,1,25,12,handsome
1202,6.96999979,1.941615224,20,1,1,0,1,1,0,0,1,1,400,13,Average
1203,1.980000019,0.683096826,2,0,1,0,1,0,0,0,1,1,4,12,Average
1204,4.619999886,1.530394673,7,0,1,0,1,0,0,0,1,1,49,12,Average
1205,3.210000038,1.166270971,5,0,1,0,0,0,0,1,0,1,25,13,Average
1206,1.799999952,0.587786615,46,0,1,0,1,0,0,0,0,1,2116,14,Average
1207,4.619999886,1.530394673,10,1,1,0,1,1,1,0,1,0,100,12,Average
1208,6.110000134,1.809926748,27,0,1,0,0,1,0,0,0,0,729,12,Average
1209,5.730000019,1.745715499,39,0,1,1,0,1,0,1,0,0,1521,16,Average
1210,3.569999933,1.272565603,13,0,1,0,0,1,0,0,0,1,169,13,Above average
1211,1.580000043,0.457424879,27,0,1,0,0,1,0,0,1,1,729,12,Above average
1212,4.210000038,1.437462687,7,0,1,0,0,1,0,0,0,1,49,12,Above average
1213,1.75,0.559615791,18,0,1,0,1,0,1,0,1,1,324,12,Average
1214,2.150000095,0.765467882,6,0,1,0,1,1,0,0,0,1,36,12,homely
1215,1.019999981,0.019802609,11,0,1,0,1,1,0,0,1,1,121,13,Average
1216,2.400000095,0.875468791,10,0,1,1,1,1,0,0,0,1,100,12,below average
1217,2.829999924,1.040276647,28,0,1,1,1,0,0,0,1,1,784,13,Average
1218,3.289999962,1.19088757,2,0,1,0,1,1,0,0,0,1,4,10,Average
1219,1.980000019,0.683096826,45,0,1,0,1,0,0,0,1,1,2025,12,Average
1220,23.15999985,3.142426729,9,0,1,0,0,0,0,1,0,1,81,10,Average
1221,5.489999771,1.702928185,13,0,1,0,1,1,0,0,0,1,169,12,Above average
1222,3,1.098612309,40,0,1,0,0,0,1,1,0,1,1600,13,Average
1223,3.289999962,1.19088757,10,0,0,0,1,0,0,0,0,1,100,12,Above average
1224,2.880000114,1.057790279,15,0,1,0,1,0,0,0,0,1,225,12,Above average
1225,2.630000114,0.966983914,12,0,1,0,1,1,0,0,0,1,144,10,Average
1226,5.820000172,1.761300325,20,0,1,0,1,0,0,0,0,1,400,17,below average
1227,1.090000033,0.086177729,8,0,1,0,1,1,0,0,1,1,64,10,below average
1228,1.279999971,0.246860057,13,0,1,0,1,1,0,0,1,0,169,12,Above average
1229,6.25,1.83258152,3,0,1,0,1,0,0,0,0,1,9,12,Average
1230,2.880000114,1.057790279,7,0,1,0,0,1,0,0,0,0,49,14,Above average
1231,7.690000057,2.039920807,18,1,1,0,0,1,0,1,0,0,324,12,Above average
1232,7.139999866,1.965712786,13,0,1,0,0,1,0,0,1,0,169,12,Above average
1233,6.929999828,1.935859799,36,1,1,0,0,1,1,0,1,0,1296,12,Average
1234,1.559999943,0.444685787,4,0,1,0,0,0,0,0,1,0,16,12,Average
1235,1.980000019,0.683096826,8,0,1,0,1,0,0,0,1,1,64,10,Average
1236,8.75,2.169053793,24,1,1,0,0,0,0,0,1,1,576,16,Average
1237,4.809999943,1.570697069,31,0,1,0,0,1,0,0,0,0,961,12,below average
1238,4.710000038,1.549687862,16,0,1,0,0,1,0,0,0,0,256,13,Average
1239,4.869999886,1.583093882,10,0,1,0,0,1,0,0,0,0,100,13,Average
1240,4.619999886,1.530394673,10,0,1,0,0,1,1,0,0,0,100,13,Above average
1241,2.400000095,0.875468791,12,0,1,0,0,0,1,0,1,1,144,12,Above average
1242,5.340000153,1.675225735,20,0,1,0,0,1,0,0,0,0,400,12,below average
1243,4.210000038,1.437462687,13,1,1,0,0,1,0,0,0,0,169,12,Average
1244,4.71999979,1.551808715,9,1,1,0,0,1,0,0,0,0,81,13,Above average
1245,12.81999969,2.551006317,15,1,1,0,0,1,0,1,0,0,225,13,Average
1246,6.730000019,1.906575203,34,0,1,0,0,1,0,0,1,0,1156,10,Average
1247,5.389999866,1.684545398,8,1,1,0,0,1,0,0,1,0,64,14,Average
1248,5.309999943,1.669591784,3,0,1,0,0,0,0,0,1,0,9,17,Above average
1249,10.57999992,2.358965397,19,0,1,0,0,0,0,0,1,0,361,16,Above average
1250,8.649999619,2.157559395,10,1,1,0,0,1,0,1,0,0,100,13,Average
1251,4.170000076,1.42791605,13,0,1,0,0,1,0,0,0,0,169,10,Average
1252,6.809999943,1.918392062,7,1,1,0,0,0,0,0,1,0,49,12,Average
1253,9.619999886,2.263844252,21,1,1,0,0,1,1,1,0,0,441,16,Average
1254,1.220000029,0.198850885,10,0,1,0,1,0,0,0,0,1,100,5,Average
1255,1.789999962,0.582215607,20,0,1,0,1,1,0,0,0,1,400,8,Average
1256,1.610000014,0.476234198,25,0,1,1,1,0,0,0,0,1,625,12,Average
1257,1.679999948,0.518793762,4,0,1,0,1,1,0,0,1,1,16,12,below average
1258,3.289999962,1.19088757,35,0,1,1,1,0,0,0,1,1,1225,12,Average
1259,2.309999943,0.837247491,15,0,1,1,1,1,0,1,0,1,225,10,Average
1260,1.919999957,0.652325153,24,0,0,0,1,0,1,0,1,1,576,16,Average
